species_name,value_usd,share_pct
"lion, león, lion d'afrique",25007622420.406002,81.6704607978508
reedbuck,1282703803.254,4.189083189029097
dik-diks,712626559.4743999,2.3273119895464407
elephants / mammoths,669230624.02214,2.185588558763679
"common eel, eel, european eel, river eel, silver eel, sing eel, weed eel, yellow eel, anguila, anguila europea, anguilla, anguilla catarrojina, anguilla fartona, anguilla maresa, anguilla martina, anguilla pastorenca, anguilla pugaron, angèle, anguielo",658482013.1159999,2.150485501348474
nan,529452796.67145,1.7290989582273977
abalone,357452351.50023,1.1673760011858483
"agaru, red sandalwood, redsanders, red sanders, saunderswood, leno de sandalo rojo, sándalo rojo, bois de santal rouge, santal rouge",197252815.01,0.6441927195123724
pangolins,171521491.4405,0.5601587790788801
"rhinoceroses, rinocerontes, rhinocéros",142700286.1185,0.4660338326994716
"three-cusped pangolin, tree pangolin, white-bellied pangolin, pangolin à écailles tricuspides, pangolin commun, tricuspide",112787267.3,0.3683432170266997
"giant ground pangolin, giant pangolin, pangolín gigante, grand pangolin, pangolin géant",112556030.2,0.3675880376580625
impala,111190543.4117,0.3631285999178782
"pythons, pitones",48139319.952,0.15721448352350736
"african elephant, african savannah elephant, elefante africano, eléphant africain, eléphant d'afrique",41575616.33,0.13577859128483372
"macdonald's weakfish, totoaba, totoba, acoupa de macdonald",40117494.5,0.13101662392330107
"cape pangolin, scaly anteater, south african pangolin, temminck's ground pangolin, pangolín del cabo, pangolin de temminck, pangolin terrestre du cap",39203132.021,0.12803047818978022
"black-bellied pangolin, long-tailed pangolin, pangolín de cola larga, pangolin à longue queue, pangolin tétradactyle",38724663.1,0.12646788352969635
"giant clam, gigas clam, bénitier géant",25533011.703500003,0.08338628904122376
sea cucumber,24671156.723,0.08057162348785545
"south african abalone, perlemoen abalone",19025492.164,0.06213388405416244
"siamese rosewood, phayung",15986188.17,0.05220805609971516
"common rorqual, finback, fin-backed whale, finner, fin whale, herring whale, razorback, ballena aleta, ballena boba, rorcual común, baleine à nageoires, baleine fin, baleinoptère commun, rorqual commun",13000000.0,0.04245569500864302
deer / caribou / cervids / moose / wapiti,12761229.1914,0.04167591188349774
"saiga, saiga antelope, antílope saiga, saiga, saïga",11383208.345,0.03717554013193539
"chiru, orong, tibetan antelope, antílope del tibet, antílope tibetano, antilope du tibet, tchirou",10545454.45,0.03443958445051825
"cachalot, cachelot, pot whale, spermacet whale, sperm whale, ballena esperma, cachalote, cachalot",6556763.11,0.021413225757083206
"american ginseng, american ginseng root, canadian ginseng, dwarf-groundroot, five-fingers, ginseng, man's health, occidental ginseng, red berry, sang, tartar root, ginseng americano, ginseng à cinq folioles, ginseng d'amérique",6509088.0,0.021257527300955245
snakes,6507518.109,0.02125240031530195
"grass rhinoceros, square-lipped rhinoceros, white rhinoceros, rinoceronte blanco, rhinocéros blanc",5177808.54,0.016909804629799016
"eclectus parrot, loro ecléctico, grand éclectus",4973688.2,0.016243183791329746
"greater sulphur-crested cockatoo, sulphur-crested cockatoo, cacatúa de cresta amarilla grande, cacatoès à huppe jaune, grand cacatoès à huppe jaune",4970015.68,0.01623118999217335
"palm cockatoo, cacatúa enlutada, cacatoès noir, microglosse noir",4790383.977,0.015644544700138645
"black-capped lory, western black-capped lory, lori tricolor, lori des moluques, lori tricolore",4789674.8,0.01564222865379871
giant bluetongue skink,4789611.1812,0.015642020886077974
"green-naped lorikeet, rainbow lorikeet, rainbow lory, lori arcoiris, loriquet à tête bleue",4789600.0,0.015641984370261278
red lory,4789600.0,0.015641984370261278
"blue crowned-pigeon, common crowned pigeon, great goura, western crowned-pigeon, gura occidental, paloma crestada azul, goura couronné",4789600.0,0.015641984370261278
"kokomo, new guinea hornbill, new guinea wreathed hornbill, papuan hornbill, plicated hornbill, calao papou",4789600.0,0.015641984370261278
southern cassowary,4789600.0,0.015641984370261278
pinon imperial pigeon,4789600.0,0.015641984370261278
long-crested myna,4789600.0,0.015641984370261278
green imperial pigeon,4789600.0,0.015641984370261278
"pesquet's parrot, vulturine parrot, loro aguileño, psittrichas de pesquet",4789600.0,0.015641984370261278
"long-beaked echidna, long-nosed echidna, long-nosed spiny anteater, new guinea long-nosed echidna, echidnos narilargos, equidna de nueva guinea, echidné à bec courbe, echidné de bruijn, echidné de nouvelle-guinée",4789600.0,0.015641984370261278
"black lory, lori negro, lori noir",4789600.0,0.015641984370261278
"dusky lory, lori sombrio, lori orange sombre, lori sombre",4789600.0,0.015641984370261278
"black tree monitor, varano arborícola negro, varan arboricole noir",4789600.0,0.015641984370261278
"desmarest's fig-parrot, golden-headed fig-parrot, large fig-parrot, lorito de desmarest, psittacule de desmarest",4789600.0,0.015641984370261278
african buffalo,4711685.606,0.015387529774226872
african elephants,4224705.702,0.013797139752722083
"black rhinoceros, browse rhinoceros, hook-lipped rhinoceros, rinoceronte negro, rhinocéros noir",3428085.05,0.011195517949729904
lobsters,3105340.96,0.010141492976585132
organ-pipe coral,2702950.0,0.008827355447970127
freshwater eels,2563963.6,0.008373450508835568
"malayan pangolin, sunda pangolin, pangolín malayo, pangolin javanais, pangolin malais",2492944.3628000002,0.008141514272350209
"asian black bear, himalayan black bear, oso de collar, oso negro de asia, ours à collier, ours de l'himalaya, ours noir d'asie",2412846.317,0.007879928256713815
"tiger, tigre",2353951.21379,0.007687587292145638
teak,2337282.83361,0.0076331513178987
"agalwood, agar, agaru, agarwood, aloewood, eaglewood, malayan eaglewood tree, paradise wood, madera de agar, bois d'aigle, bois d'aigle de malacca, bois d'aloes",2315682.0,0.0075626068253080376
"ovangkol, shedua",2153316.0,0.007032348257940858
"narwhal, unicorn whale, narval",2078000.0,0.006786379555996938
"sevruga, starry sturgeon, star sturgeon, stellate sturgeon, esturión estrellado, esturgeon étoilé, sevruga",2071380.0,0.00676475980976946
horses,1930806.634,0.006305672121059125
"leopard, panther, chita, leopardo, pantera, léopard, panthère",1825537.64432,0.005961882265695889
meranti,1718999.3542,0.005613947100151501
horned helmet shell,1710147.7,0.005585039166994796
"asian elephant, indian elephant, elefante asiático, eléphant d'asie, eléphant d'inde",1572004.381,0.005133887580922051
"red coral, precious coral",1532872.5,0.00500608979593355
"indian pangolin, thick-tailed pangolin, pangolín indio, grand pangolin de l'inde, pangolin à grosse queue",1483590.9,0.0048451448283075545
"hawksbill turtle, tortuga carey, tortuga de carey, caret, tortue à bec de faucon, tortue à écailles, tortue imbriquée",1361988.4741,0.004448012866282823
ray-finned fishes,1303089.80005,0.004255660239984339
"african rosewood, barwood, muninga, mukwa",1292897.0,0.004222372362276118
"narra, bloodwood",1228599.8,0.004012389107421524
"blunt-tailed sand boa, brown sand boa, indian sand boa, boa de arena de la india, boa des sables brun",1213989.238,0.003964673602484842
turtles,1161903.86427,0.003794572006985452
yakal,1081282.71,0.003531277611836846
"honduras rosewood, nagaed, nogaed, palisandro de honduras, rosul, palissandre du honduras",1061667.93,0.003467219218195182
siberian tiger,925834.7,0.003023611973201424
"white-fronted amazon, white-fronted parrot, amazona frentialba, loro frente blanca, perico manglero, amazone à front blanc",905252.0,0.002956392524458778
"wild yak, yak, yak salvaje, yack sauvage",894264.0,0.0029205076647083957
"tolu balsam, balsamo de tolu, balsamo del peru",887418.0,0.0028981498425523057
"cocodrilos, crocodiles",854985.826,0.0027922321127206713
"san salvador ground iguana, san salvador iguana, watling island iguana, white cay ground iguana, cyclure des bahamas, iguane terrestre des bahamas",854516.0,0.002790697744308123
"leopard tortoise, mountain tortoise, tortuga leopardo, tortue-léopard du cap",807697.9,0.002637798130886265
"fly river turtle, new guinea plateless turtle, pig-nosed turtle, pitted-shell turtle, tortue à nez de cochon, warrajan",807594.6,0.0026374607714020814
"philippine pangolin, palawan pangolin, balintong, pangolin des philippines",774479.8023,0.0025293137136002267
"pinecone lizard, shingle-back",773134.5,0.0025249201948199782
"chinese forest musk deer, dwarf musk deer, forest musk deer",751689.6000000001,0.002454884953751452
white-rumped shama,726446.2168,0.00237244454004949
"common peafowl, indian peafowl, peafowl",720790.1,0.0023539726654499466
"helmeted hornbill, cálao de casco, cálao de yelmo, calao à casque, calao à casque rond",653118.453,0.002132969065006519
"ounce, snow leopard, leopardo de las nieves, leopardo nival, pantera de la nieves, irbis, léopard des neiges, once, panthère des neiges",610694.55681,0.0019944201421049058
"jewelled gecko, south island tree gecko",565069.45,0.0018454166329155118
oriental magpie-robin,561362.21,0.0018333094443952166
"eurasian lynx, lince, lince boreal, lince europeo, lynx, lynx boréal, lynx d'eurasie",555794.8,0.0018151272704761345
japanese eel,507311.0,0.0016567877761945922
bobak marmot,506246.0,0.0016533096750265765
"brown bear, grizzly bear, oso pardo, ours brun, ours grizzly",482141.85,0.0015745897949617624
"gyrfalcon, gyr falcon, halcón gerifalte, faucon gerfaut, gerfaut",466149.0,0.0015223599825064567
bengal tiger,456215.06,0.001489917495823829
"alexandrine parakeet, cotorra alejandrina, perruche alexandre",444297.6791,0.0014509974428398116
"arapaima, giant arapaima, pirarucu, arapaima, paiche, arapaïma, paiche, pirarucu",438144.0,0.0014309006179897606
musk deer,429195.851,0.0014016775499254611
indo-chinese rat snake,411256.1,0.0013430895040033842
"golden eagle, águila real, aigle doré, aigle royal",401351.0,0.001310741203647222
"swordfish, broadbill",393720.0,0.0012858197106771485
lizards,384083.7,0.0012543492634608572
"indian star tortoise, star tortoise, tortuga estrellada de la india, tortue étoilée de l'inde, indische sternschildkröte",380597.54,0.001242964083021524
"southern square-lipped rhinoceros, southern white rhinoceros, rhinocéros blanc du sud",379676.0,0.0012399544967770422
"atlantic bluefin tuna, bluefin tuna, northern bluefin tuna",352419.0,0.0011509379676346895
"beaumaris shark, blue dog, mackerel shark, porbeagle, porbeagle shark, porbeale shark, cailón, cailón marrajo, marrajo, marrajo sardinero, requin-taupe commun",352419.0,0.0011509379676346895
"sturgeons, esturiones, esturgeons",350474.6,0.0011445879019904737
"black corals, corales negros, coraux noirs",344475.0,0.0011249942721617157
"barasingha, swamp deer, barasinga, ciervo de duvaucel, barasinga, barasingha, cerf de duvaucel",344141.0,0.001123903487382263
thnong,340982.60398,0.001113588725986753
small flying squirrel,324689.0,0.001060376704358561
"arowana, asian arowana, asian bonytongue, dragonfish, golden arowana, golden dragon fish, kelesa, malayan bonytongue, pez lengüihueso malayo, scléropage d'asie",302800.0,0.0009888911114320851
"hairy rhinoceros, sumatran rhinoceros, rinoceronte de sumatra, rhinocéros de sumatra",294430.6,0.0009615581349855206
"dolphins, delfines, dauphins",257904.0,0.00084226873580839
scalloped spiny lobster,244340.04,0.0007979712474338182
ornate spiny lobster,244340.04,0.0007979712474338182
woolly mammoth,244250.0,0.0007976771927585429
"black pond turtle, black spotted turtle, hamilton's terrapin, spotted pond turtle, galápago de hamilton, galápago rayado, émyde en toit, géoclemmyde d'hamilton, tortue de hamilton",220455.0238,0.0007199670195058413
"boas, boas",219113.30000000002,0.0007155851874721
"hamadryad, king cobra, cobra real, cobra royal, hamadryade, hamadryas",217036.421,0.000708802468903342
"blue-and-gold macaw, blue-and-yellow macaw, guacamayo azulamarillo, guacamayo azul y amarillo, ara bleu et jaune",215971.49,0.000705324593077092
sumatran elephant,213262.0,0.0006964758791487099
khair,210674.0,0.0006880239300192969
hammerhead sharks,209476.7,0.0006841137605090009
"tortoises, tortugas terrestres, tortues terrestres",205918.2268,0.0006724924179801063
"elk, red deer, wapiti, ciervo rojo, cerf élaphe",200461.18699999998,0.0006546706935648119
sumatran tiger,200414.614,0.0006545185944045321
mahogany,192762.56,0.0006295283428034809
"kempas, impas, makupa, mangris, menggeris, yuan, gan ba dou mu",191957.90000000002,0.0006269004659153536
"grey parrot, african grey, jacquot, loro yaco, yaco, jacko, jacquot, perroquet gris, perroquet jaco",187365.072,0.0006119011040080338
"kratom, ketum",186317.0663,0.0006084785032106092
"umbrella cockatoo, white cockatoo, cacatúa alba, cacatúa blanca, cacatoès à huppe blanche, cacatoès blanc",182316.64,0.0005954138202185051
"green-winged macaw, red-and-green macaw, guacamayo aliverde, guacamayo rojo, ara chloroptère",181799.07,0.0005937235283673034
"sun conure, sun parakeet, aratinga sol, perico dorado, conure soleil, perruche du soleil",181291.2982,0.0005920652357000118
"moluccan cockatoo, salmon-crested cockatoo, cacatúa de las molucas, cacatoès à huppe rouge, cacatoès des moluques",179755.483,0.0005870495355676397
sulphur-breasted parakeet,179320.0,0.0005856273253038359
"red-tailed black-cockatoo, cacatúa de cola roja, cacatúa negra de cola roja, cacatoès banksien, cacatoès de banks",179320.0,0.0005856273253038359
"red-bellied macaw, guacamayo barriga roja, guacamayo ventrirrojo, ara macavouanne",179320.0,0.0005856273253038359
"yellow-crowned amazon, yellow-crowned parrot, yellow-fronted amazon, amazona real, loro cabeza amarilla, loro mona amarilla, loro nuca amarilla, loro real, amazone à front jaune",179320.0,0.0005856273253038359
"yellow-bibbed lory, lori acollarado, lori à collier jaune",179320.0,0.0005856273253038359
"duck hawk, peregrine, peregrine falcon, halcón blancuzco, halcón común, halcón peregrino, halcón real, halcón viajero, faucon pèlerin",179189.4,0.0005852008088601336
"common wolf, grey wolf, timber wolf, wolf, lobo, lobo común, loup, loup gris, loup vulgaire",176286.9129,0.0005757218006228936
sea anemones / stony corals / soft corals / sea pens,169217.1,0.0005526330452190036
martin,166666.0,0.0005443016049469614
"eagle owl, eurasian eagle-owl, búho real, grand-duc d'europe, hibou grand-duc",163296.0,0.0005332957824716439
"amazons, macaws, parakeets, parrots, amazonas, cotorras, guacamayos, periquitos, loros, amazones, aras, perruches, perroquets",161392.943,0.0005270807357350237
"java rock python, regal python, reticulated python, pitón reticulada, python réticulé",159072.6947,0.0005195032161835527
buddhist pine,158724.0,0.0005183644411193734
"giant clams, almejas gigantes, bénitiers",157757.78,0.0005152089379169695
"ostrich, avestruz, autruche d'afrique",155140.24,0.0005066605163852062
"hinoki cypress, hinoki falsecypress",149203.8,0.0004872731559177362
cape rock lobster,143355.2,0.00046817266531561715
silky shark,140761.99954,0.00045970373240592226
brown sea cucumber,135134.0,0.00044132368379215124
"giant seahorse, pacific seahorse, caballito de mar del pacífico, hippocampe marin",135134.0,0.00044132368379215124
"hawks, eagles, gavilanes, águilas, aigles, milan de wilson, pygargues",132636.0,0.0004331656587051058
rattan,131840.0,0.0004305660638414997
"chengal, penak, chan ta khien, chi-ngamat, takian chan, takian chantamaeo",129659.0,0.0004234433045481266
"bornean ironwood, billian, ulin",127685.432,0.0004169979813876021
"jelutong, jelutung",126708.0,0.0004138058617811646
"marine turtles, sea turtles, tortugas marinas, tortues marines",126431.42599999999,0.0004129026201356784
"vicugna, vicuña, vigogne",120000.0,0.00039189872315670483
"alligators, caimans, aligatores, caimanes",116476.13,0.0003803903885436197
oceanic whitetip shark,114351.7,0.000373452376839988
red-eared slider,110516.83,0.0003609283713693884
"magkuno, philippine ironwood",105473.448,0.00034445757998445917
american eel,105000.0,0.0003429113827621167
finches,102000.0,0.0003331139146831991
bharal,97947.4,0.00031987884163765855
"angonoka, madagascar angulated tortoise, madagascar tortoise, tortuga de espolones, tortuga de madagascar, tortuga globulosa malagache, tortue à éperon, tortue à plastron éperonné, tortue à soc, tortue à soc de madagascar, tortue de madagascar, ploughshare tortoise",96744.0,0.0003159487506089354
indochinese tiger,94978.6,0.00031018326722676167
"blackfin pacu, cachama, pacu, red-bellied pacu, tambaqui",94665.0,0.0003091591052302455
"red lauan, red lawaan",93257.28,0.0003045617413088942
"jaguar, jaguar, otorongo, tigre americano, tigre real, yaguar, yaguarete",89760.82,0.00029314292289582344
"hippopotamus, large hippo, hipopótamo, hippopotame, hippopotame amphibie",87036.4787,0.00028424570725488115
"beluga, european sturgeon, giant sturgeon, great sturgeon, russian sturgeon, beluga, cola de pescado, esturión, esturión beluga, beluga, grand esturgeon, ichtyocolle",86732.7,0.0002832536198827794
plains zebra,85231.773,0.00027835185842568425
"white lauan, white lawaan",84292.67,0.0002752849145372456
"bears, osos, ours",80373.822,0.00026248665180853557
"honey bee tree, kayu raja, mangaris, tahid, tanid, tanyit, tapang, tualang, bangris, sialang",79853.6,0.00026078769899555204
"acapu, sara, tatbu",76924.48999999999,0.0002512217450873392
"radiated tortoise, tortuga estrellada de madagascar, tortuga rayada, tortue radiée de madagascar, tortue rayonnée",76096.4,0.0002485173499735156
"parrots, perroquets",75001.94,0.00024494303766896486
"orchids, orquideas, orchidées",75000.0,0.0002449367019729405
wildebeests,74430.7039,0.00024307748185053974
capybara,67535.0,0.0002205573355699005
"yellow-headed sideneck, yellow-spotted river turtle, yellow-spotted sideneck turtle, terecay, podocnémide de cayenne",67125.0,0.00021921834826578175
streaked prochilod,67125.0,0.00021921834826578175
"chinese pangolin, pangolín chino, pangolin à queue courte, pangolin de chine",64994.596,0.00021226082653738227
"moluccan lory, red lory, lori rojo, lori écarlate",63997.6,0.00020900481437577942
mayapis,63739.169,0.00020816082455141186
benguet pine,62794.9,0.00020507700942294137
"shortfin mako, atlantic mako, blue pointer, blue shark, bonito shark, mackerel shark, sharp-nosed shark",62500.0,0.00020411391831078374
"african sandalwood, watta bush, camwood",61747.979999999996,0.00020165795432921455
"yellow balau, balau, bangkirai, benuas",61345.0,0.00020034189310040048
brazilwood,60297.9,0.00019692225015858892
"colombian slider, venezuelan slider",58904.31,0.00019237103231188932
"sahara mastigure, saharan spiny-tailed lizard, lagarto de cola espinosa de geyr, fouette-queue du sahara",58076.8,0.0001896685313752276
"common bluetongue, eastern blue-tongued lizard, eastern bluetongue, northern bluetongue",58037.6547,0.00018954068976616438
"carpet python, diamond python, pitón diamantina, python tapis",57967.2,0.00018931059720807782
"black-headed python, woma, pitón de cabeza negra, python à tête noire d'australie, woma",57967.2,0.00018931059720807782
"malayan sun bear, sun bear, oso de los cocoteros, oso de sol, oso malayo, ours des cocotiers, ours malais",57852.78,0.0001889369217755479
"bigeye thresher, zorro ojón, renard à gros yeux",57850.0,0.00018892784278846144
"saker, saker falcon, halcón sacre, faucon sacre",56775.2,0.00018541773655805454
"common hill myna, hill myna, miná de la india, miná religioso, mainate religieux, merle des indes",56338.0082,0.00018398994565643303
"indian grey mongoose, mangosta gris de la india, mangouste d'edwards, mangouste grise de l'inde",54538.0,0.00017811143802933638
"cheetah, hunting leopard, chita, guepardo, guépard",53286.729,0.00017402500880247797
cumala,52041.97,0.00016995984661299614
"armadillo girdled lizard, armadillo spiny-tailed lizard, cordyle d'armadillo, lézard à queue épineuse d'armadillo",51941.0,0.0001696300964956867
"chimpanzee, chimpancé, chimpanzé",50627.7,0.00016534109155300587
"stony corals, corales pétreos, coraux durs",48225.3,0.00015749527911540864
skinks,47278.5914,0.00015440349668589636
"burmese python, python molure à deux bandes, dunkler tigerpython",46412.085999999996,0.00015157364368699312
taiwan cypress,44656.8,0.00014584119083553614
"clouded leopard, pantera del himalaya, pantera longibanda, pantera nebulosa, panthère longibande, panthère nébuleuse",43143.278000000006,0.00014089829634162296
"grauer's gorilla, eastern lowland gorilla",40000.0,0.0001306329077189016
cattle / bison / buffalo / antelopes / sheep / goats,39536.292,0.0001291185196095887
"lesser panda, red cat-bear, red panda, panda chico, panda rojo, pequeño panda, panda éclatant, petit panda",38983.2,0.00012731221920468712
mangium,38230.890999999996,0.00012485531140035962
"santol, cotton fruit",37349.2,0.00012197586492436998
falcata,37349.2,0.00012197586492436998
"crevice tortoise, pancake tortoise, softshell tortoise, tornier's tortoise, tortuga de cuña, tortue à carapace souple, tortue de tornier",37097.01,0.00012115225709942925
"javan rhinoceros, lesser one-horned rhinoceros, rinoceronte de java, rhinocéros de la sonde",36586.1,0.00011948371562736265
"polar bear, oso polar, ours blanc, ours polaire",36278.6,0.0001184794751492736
"goffin's cockatoo, tanimbar cockatoo, tanimbar corella, cacatúa de goffin, cacatoès de goffin",35026.0,0.00011438870564405618
"chinese hwamei, hwamei, melodious laughingthrush, garrulaxe hoamy",34116.6,0.00011141876648706696
thomson's gazelle,33909.685,0.00011074301878455054
japanese pond turtle,32473.2,0.00010605171347343588
"holy wood, guayacan, palo santo",32290.35,0.00010545455779402586
"aucklandia, costus root, kuth, saussurea root",30817.6,0.00010064481742295056
gouldian finch,30000.0,9.797468078917621e-05
zebra pleco,30000.0,9.797468078917621e-05
cedar,29470.7,9.624608083778583e-05
"african spurred tortoise, grooved tortoise, tortuga con púas, tortue sillonnée",28751.6696,9.389785504052871e-05
"muntjac, barking deer",28711.4,9.376634166701179e-05
"faux gayac, borneo teak, moluccan ironwood, kwila, ipil",28081.889,9.171047035773594e-05
"falcons, halcones, faucons",28040.3,9.157464805775792e-05
"tiger catfish, cachara",27540.0,8.994075696446375e-05
redtail catfish,27540.0,8.994075696446375e-05
"russian wild horse, tarpan",27175.7,8.875101775741386e-05
sable antelope,26359.56,8.608564922477125e-05
"aldabra giant tortoise, tortuga gigante de aldabra, tortue géante, tortue géante d'aldabra",25786.030000000002,8.421260193567073e-05
"bay lynx, bobcat, gato montés, lince rojo, chat sauvage, lynx roux",25600.0,8.360506094009703e-05
malayan tiger,25573.7,8.351916980327185e-05
crows / ravens / rooks / magpies / jackdaws / jays / treepies / choughs / nutcrackers,24935.0,8.143328884927029e-05
greater kudu,24000.01,7.837977728956789e-05
"senegal parrot, lorito senegalés, papagayo senegalés, perroquet à tête grise, perroquet youyou, youyou",22646.27,7.395870247718325e-05
"borneo teak, malacca teak, merbau, moluccan ironwood",21113.76,6.89537965419759e-05
wild boar,20388.0,6.658359306432414e-05
woolly rhino,20284.26,6.624479661815517e-05
"common water monitor, malayan monitor, no-mark lizard, plain lizard, rice lizard, ring lizard, two-banded monitor, water monitor, varano de dos bandas, varan à deux bandes, varan aquatique commun",20000.0,6.53164538594508e-05
affenbrotbaum; baobab,19725.6,6.442031211249913e-05
nato,19324.7,6.311104379488644e-05
lesser kudu,19197.06,6.269419418635544e-05
"blue-naped parrot, loro nuquiazul, perroquet à couronne, perruche à calotte bleue, perruche de luçon",18351.409,5.993244796022051e-05
"common marmoset, white-tufted-ear marmoset, ouistiti à pinceaux blancs, ouistiti à toupet blanc, ouistiti commun",18303.1,5.977467933174569e-05
hartebeest,17892.257,5.843293893909679e-05
"apes, monkeys, simios, monos, primates",17093.5717,5.5824574361813196e-05
eland,16793.87,5.484580174883075e-05
beng,16595.329999999998,5.4197405311367974e-05
"grivet monkey, savanna monkey",16192.106,5.2880547221816826e-05
"indian rosewood, sonokeling",16103.1,5.258986940720611e-05
common warthog,15750.2307,5.143746083961278e-05
"mexican redknee tarantula, tarantula mexicana pierna roja, tarantule à genoux rouges du mexique",15522.3,5.069307958712766e-05
western bluebird,15304.2,4.9980803657790346e-05
roan antelope,15300.0,4.996708720247986e-05
"sawfishes, peces sierra, poissons-scies",15000.0,4.8987340394588103e-05
kodiak bear,14000.0,4.572151770161556e-05
bushpig,13846.218,4.5219292956244856e-05
sal tree,13413.99,4.380771294530672e-05
chinese yew,12558.9,4.101514061877283e-05
asiatic softshell turtle,12545.0,4.0969745683340515e-05
philippine sailfin lizard,12518.354000000001,4.0882724571863574e-05
"guara, don-cedar, chuncho, achapo",12445.630000000001,4.064522088233983e-05
philippine pitviper,12371.0,4.0401492534763295e-05
eurasian siskin,11956.4,3.9047482446256875e-05
common linnet,11956.4,3.9047482446256875e-05
european greenfinch,11956.4,3.9047482446256875e-05
hawfinch,11956.4,3.9047482446256875e-05
common chaffinch,11956.4,3.9047482446256875e-05
"ocelot, gato onza, manigordo, ocelote",11805.301,3.8554019903171414e-05
snaggletooth shark,11634.4,3.799588753911972e-05
american goldfinch,11478.1,3.7485439452208114e-05
"orange-fronted conure, orange-fronted parakeet, aratinga frentinaranja, perico frentinaranja, conure à front rouge",10752.9,3.5117064835264425e-05
capirona blanca,10540.2,3.442242434846917e-05
tokay gecko,9952.03414,3.250157893564945e-05
"european goldfinch, eurasian goldfinch, chardonneret élégant",9855.076000000001,3.218493084176905e-05
"cedar, cederwood, cigar-box cedar, cigar-box wood, red cedar, spanish cedar, stinking mahogany, west indian cedar, cedrela, cedro rojo, cedro rosado, acajou, cedrat",9483.12,3.097018849618176e-05
vervet monkey,9384.026,3.0646565062244335e-05
mongolian gazelle,9368.43,3.059563129152473e-05
otters,9144.929399999999,2.9865717960151752e-05
lemurs,8507.07,2.7782582256705906e-05
topi,8346.356,2.7257718828427517e-05
"euphorbias, euforbias, euphorbes",7976.7,2.605048787503406e-05
"ball python, royal python, pitón real, python royal, königspython",7830.0428,2.5571531463186247e-05
"steppe eagle, águila esteparia, aigle des steppes",7800.0,2.5473417005185812e-05
"rhodesian mahogany, mussivi",7625.8,2.4904510692069997e-05
"monocellate cobra, monocled cobra",7552.0,2.4663492977328624e-05
"margay, tree ocelot, caucel, gato montés, tigrillo, caucal, gato tigre",7500.0,2.4493670197294052e-05
"flamingos, flamencos, flamants",7488.4,2.4455786654055568e-05
"arjuna, telugu",7468.08,2.4389425136934367e-05
"algerian tortoise, common tortoise, greek tortoise, mesopotamian tortoise, moorish tortoise, spur-thighed tortoise, tortuga mora, tortue mauresque",7362.9,2.4045925906087516e-05
bushbuck,7222.192,2.3586398526604733e-05
okapi,7189.0599999999995,2.347819528914117e-05
"cacti, cactus",6878.5,2.2463961393611617e-05
scorpions,6515.893,2.1279751224380923e-05
"hyenas, hyaenas",6513.897,2.1273232642285747e-05
"north philippine spitting cobra, philippine cobra",6185.5,2.0200746267381647e-05
argentine horned frog,6056.8266,1.9780521757679715e-05
"leyte pond turtle, palawan forest turtle, philippine pond turtle, héosémyde de leyte",6022.7916000000005,1.9669369482324393e-05
clouded monitor,6014.95,1.964376020709518e-05
blue wildebeest,5972.424,1.950487783125383e-05
giant baboon spider,5919.81,1.933304983608577e-05
"curly-hair tarantula, tarantula de pelo crespo, tarantule frisée",5919.81,1.933304983608577e-05
brazilian black,5919.81,1.933304983608577e-05
"pemphis, shrubby coral pemphis, small-leaved mangrove, mentigi, mentigi laut, kabantigi, bonsai santigi",5613.48,1.8332630370547495e-05
burchell's zebra,5509.62,1.7993442025655365e-05
"red fox, zorro rojo, renard roux",4937.08,1.612362790102087e-05
"blue-rumped parrotlet, mexican parrotlet, cotorrita mexicana, periquito mexicano, toui du mexique",4913.04,1.6045117523481808e-05
orangutans,4875.0,1.5920885628241133e-05
"serval, chat-tigre, serval",4847.7909,1.5832025532005773e-05
"leopard cat, gato bengalí, gato de bengala, gato leopardo chino, chat de chine, chat-léopard de chine, chat-léopard du bengale",4845.723,1.5825272137258974e-05
"giant brazilian otter, giant otter, arirai, lobito de cola ancha, lobo del río, lobo de río grande, lobo gargantilla, nutria brasileña, nutria gigante, perro de agua, loutre géante du brésil",4783.05,1.5620593231622306e-05
"red-rumped parrot, perico dorsirrojo, perruche à croupion rouge, perruche à dos rouge",4679.89,1.5283690962615262e-05
"green turtle, tortuga blanca, tortuga verde, tortue comestible, tortue franche, tortue verte",4589.51615,1.4988545992433966e-05
waterbuck,4459.964,1.4565451641040583e-05
"bushman's tea, khat, qat",4424.59,1.4449926429099371e-05
grant's gazelle,4185.908,1.36704333370953e-05
sumatran orangutan,4072.24,1.3299213803230497e-05
kirk's dik-dik,3988.9919999999997,1.3027340595685918e-05
"galapagos giant tortoise, tortuga de las galápagos, tortuga gigante de las galápagos, tortue éléphantine, tortue géante des galapagos",3900.0,1.2736708502592906e-05
"ring-necked parakeet, rose-ringed parakeet, cotorra de kramer, loro rabudo collar, periquito de collar africano, perruche à collier",3855.76046,1.2592230008934239e-05
"meerkat, suricate",3835.0,1.2524430027549691e-05
"breadfruit, jack-fruit",3817.4826000000003,1.2467221305107814e-05
"american black bear, oso negro americano, baribal, ours noir américain",3800.0,1.2410126233295652e-05
koki,3699.4399999999996,1.208171510329033e-05
yellowfin tuna,3688.12,1.2044745990405884e-05
andaman padauk,3646.53,1.1908920424605157e-05
"atlantic canary, common canary",3618.0,1.181574650317465e-05
"agar wood, eagle wood",3589.65,1.1723160429828879e-05
"burmese starred tortoise, flatback tortoise, tortuga estrellada de burma, tortue étoilée de birmanie",3561.4100000000003,1.1630933596979335e-05
"iberian lynx, pardel lynx, spanish lynx, lince ibérico, lynx d'espagne, lynx pardelle",3426.17,1.1189263735981727e-05
"alligators, caimans, crocodiles, aligatores, caimanes, cocodrilos, crocodiles, alligators, caïmans",3400.0,1.1103797156106636e-05
"long-legged buzzard, busardo moro, ratonero moro, buse féroce",3385.39,1.1056083486562307e-05
"oriental small-clawed otter, small-clawed otter, nutria cenicienta, nutria inerme asiatica, loutre cendrée",3368.8160000000003,1.1001955741248982e-05
damkurudu,3327.5,1.0867025010866128e-05
"mabolo, velvet apple",3271.54,1.0684269572967384e-05
"ermine, stoat, armiño, hermine",3215.18,1.050020780599145e-05
"fishing cat, gato pescador, chat pêcheur",3215.18,1.050020780599145e-05
palo santo,3214.39,1.0497627806064003e-05
"cat's claw, uña de gato",3214.39,1.0497627806064003e-05
"bush duiker, common duiker",3086.565,1.0080174020334789e-05
"american carob, kiawe, huarango",3068.392,1.0020824224535396e-05
coconut tree,3066.0851000000002,1.001329029816498e-05
frogs,3038.63,9.923626809547149e-06
gubas,3006.433,9.818477116301513e-06
huayruro,2978.6,9.727579473288008e-06
copaiba,2978.6,9.727579473288008e-06
"african crocodile, nile crocodile, cocodrilo del nilo, crocodile du nil",2920.98,9.53940276971893e-06
anislag,2850.84,9.310337966033837e-06
chital,2651.64,8.659786085593706e-06
"rak khao, rengas",2639.22,8.619224567746987e-06
"mesua, iron wood",2639.22,8.619224567746987e-06
"margosa, neem tree, niembaum",2639.22,8.619224567746987e-06
warthogs,2266.365,7.40154624755871e-06
porcupine,2262.344,7.388414374510268e-06
massaranduba,2250.03,7.348199033869005e-06
"bald eagle, white-headed eagle, águila cabeciblanca, águila cabeza blanca, pigargo americano, pigargo cabeciblanco, pigargo cabeciblanco meridional, aigle à tête blanche, pygargue à tête blanche",2200.0,7.184809924539588e-06
"lesser slow loris, pygmy loris",2193.21,7.1626349884543045e-06
"new zealand parakeet, red-crowned parakeet, red-fronted kakariki, red-fronted parakeet, perico maori cabecirrojo, periquito cabecirrojo, perruche à bandeau rouge, perruche de nouvelle-zélande, perruche de sparrman",2185.1748000000002,7.1363934499517316e-06
toog,2131.9112,6.962443976362319e-06
gemsbok,2107.51,6.882753983666559e-06
"fischer's lovebird, inseparable de fischer, inséparable de fischer, perruche de fischer",2075.4543000000003,6.778065751167438e-06
sambar,2025.71,6.6156096873814044e-06
"blackbuck, sasin, antílope negro indio, cervicapra, antilope cervicapre, cervicapre",2025.71,6.6156096873814044e-06
"concave-casqued hornbill, great hornbill, great indian hornbill, great pied hornbill, indian concave-casqued hornbill, indian hornbill, cálao bicorne, cálao grande, calao bicorne",1853.0137,6.05161419184901e-06
"american mahogany, big-leaf mahogany, bigleaf mahogany, brazilian mahogany, honduras mahogany, mahogany, new world mahogany, aguano, ahuano, caoba, mara, acajou, acajou d' amérique, acajou des antilles, mahogani à grands feuilles, swiéténie",1786.14,5.8332165448259725e-06
bar-headed goose,1705.51,5.569893261091597e-06
steenbok,1658.717,5.417075619819333e-06
"green tree python, python arboricole vert australien",1610.81,5.260619852067097e-06
"common iguana, green iguana, gallina de palo, iguana verde, iguane commun, iguane vert",1581.0656,5.1634799155582446e-06
"panay tarictic hornbill, tarictic hornbill, visayan hornbill, cálao chico de panay, calao tarictic",1530.1675,4.997255745549059e-06
"brahminy kite, red-backed kite, red-backed sea eagle, white-headed sea eagle, milano brahmán, milan sacré",1483.7879,4.8457881953780705e-06
puku,1482.106,4.84029540819076e-06
aardvark,1475.603,4.8190577632183595e-06
mud crabs,1468.15,4.794717586687635e-06
"pipla, tiashol, barca snakehead, snakehead",1450.0,4.735442904810183e-06
"peccaries, pecaries, pécaris",1440.0,4.702784677880458e-06
"gray fox, common gray fox",1434.91,4.686161640373227e-06
common pochard,1376.02,4.493837341984074e-06
"white cedar, swamp cedar, tree of life, northern white-cedar, eastern white-cedar, american arbor-viate",1333.0,4.353341649732396e-06
"green-cheeked conure, green-cheeked parakeet, chiripepé salteño, cotorra de molina, conure de molina",1327.76,4.3362287388212196e-06
stingrays,1321.65,4.316274562167157e-06
"krabak, krabak tabak, krabak khao, krabak khok, krabak chor, krabak dang, krabak dam, krabak daeng , chawa ta pho, bak, pradik, phanong, mee dang wa, mesawa",1319.61,4.309612283873493e-06
bangkal,1313.5,4.289658107219431e-06
"leatherback, leatherback turtle, leathery turtle, luth, luth turtle, trunkback turtle, canal, tinglada, tortuga laud, tortue luth",1284.467,4.19484147697436e-06
"ironwood of burma, sokrom",1281.307,4.184521477264566e-06
"northern racoon, racoon, common racoon, raton laveur, mapache común",1147.571,3.7477634135971905e-06
terap,1129.18,3.687701668450733e-06
mindanao water monitor,1107.8276999999998,3.617968842563575e-06
"estuarine crocodile, salt-water crocodile, cocodrilo poroso, crocodile d'estuaire, crocodile marin",1102.9,3.601875848079415e-06
"brow-antlered deer, eld's deer, thamin, ciervo de eld, cerf d'eld",1097.58,3.5845016713528006e-06
"chukar, chukar patridge",1063.8,3.474182180784188e-06
"sunda wrinkled hornbill, wrinkled hornbill, cálao arrugado, calao à casque rouge",1063.5,3.4732024339762964e-06
siamang,1016.89,3.3209824382568463e-06
"lesser sulphur-crested cockatoo, yellow-crested cockatoo, cacatoès soufré, petit cacatoès à huppe jaune",982.059,3.2072305680379194e-06
"crab-eating macaque, cynomolgus monkey, long-tailed macaque, macaca cangrejera, macaque crabier, macaque de buffon",961.4962,3.140076109166864e-06
"orange-winged amazon, orange-winged parrot, amazona alinaranja, loro guaro, amazone à ailes oranges, amazone à ailes vertes, amazone aourou",941.132,3.0735702426826323e-06
"african fish-eagle, river eagle, pigargo vocinglero, aigle pêcheur africain, pygargue vocifer",934.432,3.0516892306397166e-06
"atitlan grebe, giant grebe, giant pied-billed grebe, poc de atitlán, somormujo de atitlán, somormujo del lago atitlán, zambullidor de atitlán, zampullín del atitlán, grèbe de l'atitlan, grèbe du lac atitlan, grèbe géant",934.432,3.0516892306397166e-06
"stanley parakeet, western rosella, perico carigualdo, perruche à oreilles jaunes, perruche de stanley",932.144,3.044217028318195e-06
"hermann's tortoise, tortuga mediterránea, tortue d'hermann",911.4830000000001,2.9767418656586896e-06
grey-shanked douc langur,884.0,2.8869872605877253e-06
common leopard gecko,883.0806,2.8839846632038065e-06
"crested serpent-eagle, mentawai serpent-eagle, natuna serpent-eagle, nias serpent-eagle, ryukyu serpent-eagle, simeulue serpent-eagle, culebrera chiíla, serpentaire bacha",861.54,2.813636882903562e-06
abbott's duiker,852.454,2.7839636179152136e-06
yellow-headed temple turtle,850.43,2.777353592784637e-06
"malaysian box turtle, south asian box turtle, tortuga de caja malaya, tortue-boîte d'asie orientale",816.5908000000001,2.666840765512601e-06
striped skunk,797.174,2.6034289394476916e-06
"common otter, eurasian otter, european otter, european river otter, old world otter, nutria, nutria común, nutria europea, loutre commune, loutre de rivière, loutre d'europe",776.799,2.5368878020783758e-06
copyu,765.197,2.4989977271945084e-06
"anubis baboon, olive baboon, papión oliva, babouin anubis",734.394,2.3984005907828753e-06
"honey badger, ratel, ratel, tejón melívoro, ratel",732.85,2.393358160544926e-06
"false gavial, false gharial, malayan gharial, tomistoma, falso gavial malayo, faux-gavial malais",716.0,2.3383290481683385e-06
"emerald monitor, varano verde, varan émeraude",700.0,2.286075885080778e-06
"american mahogany, cuban mahogany, mahogany, west indian mahogany, acajou de cuba, acajou de santo domingo, caoba española, mahogani de saint-dominique, mahogani petites feuilles",691.36,2.2578591770134954e-06
silver pheasant,683.78,2.2331042410007635e-06
"ampalagua, boa constrictor, giboya, masacuate",612.9965,2.0019378804127414e-06
sugar glider,612.7497999999999,2.001132201954385e-06
swifts,596.569,1.9482885781239352e-06
palawan hill mynah,587.2311,1.917792652399227e-06
"common sawfish, pejepeine, pez sierra común, sägefisch, poisson-scie commun, scie, scie commune",561.98,1.835327036996708e-06
"philippine cockatoo, red-vented cockatoo, cacatúa de cola sangrante, cacatoès à ventre rouge, cacatoès des philippines",557.38,1.8203042526090344e-06
"cats, felinos, félidés, félins",556.384,1.8170514932068338e-06
spotted hyena,552.392,1.8040143290164875e-06
atelids,551.128,1.7998863291325702e-06
jingah,534.58,1.7458434952092608e-06
"elongated tortoise, pineapple tortoise, red-nosed tortoise, yellow-headed tortoise, yellow tortoise, tortue à tête jaune",531.873,1.737002913179384e-06
white-bellied munia,504.466,1.6474965106330853e-06
western hognose snake,500.0,1.6329113464862701e-06
chipmunks / marmots / squirrels,498.82,1.6290576757085624e-06
"green conure, green parakeet, aratinga verde, perico verde, conure verte",497.159,1.6236331442155351e-06
"bar-pouched wreathed hornbill, bar-throated wreathed hornbill, northern waved hornbill, wreathed hornbill, cálao gorginegro, calao festonné",460.16,1.502800970398244e-06
"green-necked peafowl, green peafowl, pavo mudo, pavo-real cuelliverde, pavo-real verde, paon spicifère, paon vert",450.6,1.4715797054534265e-06
"hahn's macaw, noble macaw, red-shouldered macaw, guacamayo enano, guacamayo noble, ara noble, petit perruche-ara",437.28,1.4280789471830323e-06
"buho, rapaces nocturnes, owl",436.867,1.4267301624108349e-06
"old world elk, moose",435.95,1.4237354030013788e-06
"shoebill, whale-headed stork, picozapato, baléniceps roi, bec-en-sabot, bec-en-sabot du nil",433.604,1.4160737829636652e-06
"virola, otobo, cuanguare",431.738,1.4099797578185786e-06
great spotted woodpecker,429.501,1.402674112454399e-06
"red-footed tortoise, wood tortoise, jabuti, karumbé, tortuga de patas rojas, tortue charbonnière",422.8995,1.3811147839467405e-06
"ibex, alpine ibex",417.344,1.3629715059759319e-06
starling,413.17,1.3493399620554644e-06
rock hyrax,400.0,1.306329077189016e-06
southern savanna buffalo,391.031,1.2770379134557452e-06
"budgerigar, periquito común, perruche inséparable, perruche ondulée",381.152,1.2447748510718695e-06
"palawan hornbill, cálao de palawan, calao de palawan",367.635,1.2006307257309597e-06
"eastern rosella, golden-mantled rosella, perico multicolor, perruche omnicolore",365.415,1.1933805993525606e-06
black-and-white colobus,360.0,1.1756961694701145e-06
"common moorhen, gallinule poule-d'eau, gallineta frente roja",359.18,1.173018194861877e-06
barred rail,359.18,1.173018194861877e-06
"african wild dog, painted hunting dog",358.367,1.1703630810124904e-06
"rodents, rongeurs, esquilo, prea, rato, roedor",355.416,1.1607256382455282e-06
african puff adder,325.0,1.0613923752160754e-06
sloths and anteaters,310.0,1.0124050348214874e-06
"masked palm civet, civeta de palmera enmascarada, civette palmiste à masque",307.947,1.0057003008328149e-06
"jagged-shelled turtle, keel-backed turtle, keeled box turtle",301.82,9.85690605192972e-07
"asian golden cat, golden cat, temminck's cat, gato dorado asiático, chat de temminck, chat doré d'asie",300.76,9.82228833138421e-07
"cougar, deer tiger, mountain lion, puma, red tiger, león americano, león bayo, mitzli, onza bermeja, puma, puma",300.0,9.79746807891762e-07
indian gazelle,297.42,9.71320985343893e-07
crested myna,289.0058,9.438417000406833e-07
"blue-winged parrotlet, catita enana, cotorrita aliazul, periquito aliazul, toui de spix",285.402,9.320723282197488e-07
"white-bellied fish-eagle, white-bellied sea-eagle, pigargo de vientre blanco, pigargo oriental, pygargue à ventre blanc, pygargue blagre",274.4409,8.962753190998075e-07
jackfruit,267.592,8.739080260579078e-07
natal duiker,255.19,8.334052930196625e-07
side-striped jackal,250.0,8.164556732431351e-07
"asian palm civet, common palm civet, musang, civeta de palmera común, civette palmiste hermaphrodite",247.5062,8.083113646114e-07
"ebony leaf monkey, javan lutung, east javan langur",246.1952,8.040298710609131e-07
red-whiskered bulbul,242.0,7.903290916993547e-07
"monos del viejo mundo, singes du l'ancien monde",232.103,7.580072445070054e-07
mozambique spitting cobra,225.0,7.348101059188215e-07
chinese ferret-badger,218.81,7.145946634493215e-07
"common peacock-pheasant, grey peacock-pheasant, iris peacock-pheasant, espolonero chinquis, faisán de cola ocelada gris, faisán de espolones gris, faisán real gris, éperonnier chinquis, éperonnier gris",211.01,6.891212464441357e-07
central bearded dragon,204.546,6.680109685567611e-07
"colasisi, philippine hanging-parrot, lorículo filipino, coryllis des philippines",202.50900000000001,6.613584877311762e-07
"common rat snake, dhaman, oriental rat snake, culebra ratera oriental, elaphe de i'inde, grand serpent ratier de i'indie, serpent ratier, serpent ratier indien, serpent ratier oriental",201.14,6.568875764644967e-07
"blue-crowned racquet-tail, palawan racket-tailed parrot, lorito-momoto coroniazul, palette à couronne bleue",193.297,6.312737290835131e-07
mourning dove,191.288,6.247126912933313e-07
hare / jackrabbit,190.041,6.206402103951944e-07
venomous pit vipers,188.0415,6.14110197920596e-07
coyote,180.0,5.878480847350573e-07
philippine palm civet,178.62,5.833412494187551e-07
kantong,174.31,5.692655536120434e-07
common snapping turtle,172.63,5.637789714878495e-07
"buhos, chouettes, petit-duc géant",171.637,5.605360095537279e-07
"philippine hawk-eagle, águila-azor filipina, aigle des philippines",171.637,5.605360095537279e-07
"rufous hornbill, cálao filipino grande, cálao rojipardo, calao à casque plat, calao des philippines",171.637,5.605360095537279e-07
red-tailed green ratsnake,168.80440000000002,5.512852401936139e-07
"beach calophyllum, bintago",161.002,5.258039852139649e-07
"olive ridley, pacific ridley, tortuga golfina, tortuga olivacea, ridley du pacifique, tortue bâtarde, tortue de ridley, tortue olivâtre",160.081,5.227961625137372e-07
"phaya satban, sattaban, trotter, indian pulai, white cheesewood, devil tree, blackboard tree, milkwood pine, dita bark, bitter bark",158.86,5.188085930056178e-07
"indian softshell turtle, tortuga del ganges, trionyx du gange",150.88773,4.927725727251136e-07
green mamba,150.0,4.89873403945881e-07
"bay owl, common bay-owl, oriental bay-owl, lechuza baya de madagascar, lechuza cornuda, chouette baie, phodile calong",148.11,4.83700999056163e-07
"asian giant tortoise, asian tortoise, black giant tortoise, burmese brown tortoise, burmese mountain tortoise, six-legged tortoise, tortue brune",147.876,4.829367965460073e-07
"douc, douc langur, douc monkey, red-shanked douc langur, langur jaspeado, mono pigatrix, douc, rhinopithèque douc",145.346,4.7467426513278683e-07
white-backed woodpecker,143.167,4.675580374847997e-07
"crested porcupine, north african crested porcupine",142.306,4.647461641461503e-07
civets / genets / oyans,140.65,4.5933796176658774e-07
"calcutta oval-grain lizard, indian oval-grain lizard, ruddy snub-nosed monitor, yellow land lizard, yellow monitor, varano amarillo, varan jaune",134.348,4.3875674715547485e-07
"african civet, cibeta africana, civeta, civette, civette africaine, civette d'afrique",122.285,3.9936112801014704e-07
chameleon,120.0,3.918987231567048e-07
"torsilyo, yellow-tail barracuda, giant seapike",118.932,3.8841082452061016e-07
common map turtle,111.466,3.640281922948771e-07
"gray's monitor, varan de gray, varan olivâtre",111.466,3.640281922948771e-07
"chattering lory, yellow-backed lory, lori gárrulo, lori noira",106.721,3.4853186361672246e-07
"eurasian sparrowhawk, sparrowhawk, gavilán común, épervier d'europe",105.377,3.4414259791736734e-07
"philippine tarsier, tarsier des philippines",104.427,3.4104006635904347e-07
"philippine eagle-owl, búho filipino, grand-duc des philippines",104.427,3.4104006635904347e-07
"anacondas, water boas",103.67,3.3856783858046325e-07
tree hyrax,102.422,3.3449209185963345e-07
mata mata,100.319,3.2762406673631224e-07
"mantled howler, mantled howling monkey, aullado, guariba peludo, mono aullador de guatemala, mono congo, mono negro, mono saraguato, zaraguate, alouate de panama, hurleur du guatemala",100.0,3.26582269297254e-07
"four-toed hedgehog, african pygmy hedgehog",100.0,3.26582269297254e-07
"grizzled leaf monkey, java leaf monkey, javan surili, langur gris",99.78,3.2586378830480005e-07
philippine long-tailed macaque,97.8775,3.196505606314198e-07
"grey-faced buzzard, grey-faced buzzard-eagle, busardo carigrís, busautour à joues grises",92.19,3.010761940651385e-07
"red-lored amazon, red-lored parrot, amazona frentirroja, cotorra cucha, loro frente roja, loro frentirrojo, amazone à joues jaunes, amazone diadème",91.6096,2.991807105741372e-07
"alpine chamois, chamois",88.86,2.9020100449753993e-07
"hatinh langur, hatinh leaf monkey",87.0,2.8412657428861097e-07
"african white-backed vulture, white-backed vulture, buitre dorsiblanco africano, vautour africain",86.0,2.8086075159563845e-07
eurasian tree sparrow,85.9002,2.805348224908798e-07
"tree fern black, tree fern sago",79.2097,2.58684835763547e-07
"chestnut munia, black-headed munia",78.4724,2.5627694469201834e-07
"asian crested goshawk, crested goshawk, azor moñudo, autour huppé",78.4724,2.5627694469201834e-07
mango,77.9986,2.5472959790008794e-07
"cape hare, desert hare",76.5569,2.5002126132362946e-07
"salasa, suasid, black-barred halfbeak, bayanban",76.45,2.496721448777507e-07
black mamba,75.0,2.449367019729405e-07
"bornean orangutan, orang-utan, orangután, orang-outan",67.32,2.1985518369091136e-07
bengal slow loris,67.0,2.1881012042916017e-07
african savanna hare,66.7835,2.1810306981613164e-07
"common jackal, golden jackal, chacal, chacal commun, chacal doré",63.7739,2.0827424983936146e-07
"philippine scops-owl, autillo filipino, petit-duc de luçon",62.68,2.047017663955188e-07
"brown caiman, common caiman, spectacled caiman, babilla, caimán, caïman à lunettes",60.3897,1.9722205268180379e-07
herrings,57.05,1.863151846340834e-07
"blue-headed racquet-tail, lorito-momoto de palawan, palette de palawan",55.9785,1.8281585561856332e-07
baboons,54.9156,1.793446126782028e-07
"changeable hawk-eagle, crested hawk-eagle, sunda hawk-eagle, águila-azor variable, aigle huppé, brontok eagle",54.4912,1.7795859752730528e-07
"cockatiel, cockatiel, lorito de copete, calopsitte élégante, perruche calopsitte",52.0142,1.698691547168123e-07
"blue-fronted amazon, blue-fronted parrot, turquoise-fronted parrot, amazona frentiazul, loro hablador, amazone à front bleu",52.0,1.698227800345721e-07
"slow loris, sunda slow loris, loris lento, loris lent",51.9621,1.6969900535450842e-07
"yellow-faced amazon, yellow-faced parrot, amazona de cara amarilla, amazona del cerrado, amazone à face jaune",51.4741,1.681052838803378e-07
"black-masked lovebird, masked lovebird, yellow-collared lovebird, inseparable cabecinegro, inséparable masqué, perruche masquée",51.2182,1.6726955985320618e-07
kulim (indonesia),50.765,1.65789489008751e-07
fat dormouse,47.3553,1.5465401337252252e-07
bornean white-bearded gibbon,47.1615,1.5402109693462444e-07
sailfin lizard,45.068400000000004,1.4718540345596362e-07
"dura turtle, indian pond turtle, indian roofed turtle, indian sawback turtle, tent turtle, galápago cubierto de la india, tortuga india de visera, émyde tricarénée, kachuga à dos en toit",45.0,1.4696202118376431e-07
grey-headed kingfisher,44.5223,1.4540193768333134e-07
slow lorises,43.9311,1.4347118330724593e-07
"tawny eagle, águila esteparia, águila rapáz, aigle ravisseur",43.0,1.4043037579781923e-07
"fork-tailed swift, pacific swift",42.9501,1.402674112454399e-07
oriental reed warbler,42.9501,1.402674112454399e-07
"leopard coral grouper, leopard coral trouper, coral trout, saumonee leopard, mero celestial",42.58,1.3905873026677075e-07
"black-shouldered kite, black-winged kite, elanio azul, elanio común, élançon blanc, élanion blanc",37.6,1.227949332557675e-07
javan slow loris,37.1,1.2116202190928125e-07
"spurred mangrove, indian mangrove, tangal, tagal",36.92,1.2057417382454618e-07
"maroon langur, maroon leaf monkey, langur rubicundo, semnopithèque rubicond",35.16,1.148263258849145e-07
"spider tortoise, tortuga araña, tortuga de plastrón articulado, pyxide arachnoide",35.0,1.143037942540389e-07
tawny cat snake,34.4564,1.1252849303813904e-07
"temple pitviper, wagler's palm viper, wagler's pit viper",34.4564,1.1252849303813904e-07
"mangrove snake, gold-ringed cat snake",34.4564,1.1252849303813904e-07
"bockadam, dog-faced water snake, serpent d'eau à museau de chien, serpent d'eau à ventre blanc",34.1666,1.115820576217156e-07
scaly-breasted munia,33.631,1.0983288298735949e-07
"java sparrow, gorrión de java, padda de java",33.5871,1.09689513371138e-07
white-rumped munia,33.5871,1.09689513371138e-07
"argentine black and white tegu, argentine giant tegu, black and white tegu, huge tegu",33.4398,1.0920845768846315e-07
large-billed crow,33.1301,1.0819703240044954e-07
malayan civet,32.0162,1.0455923250274743e-07
"gibones, gibbons",29.91,9.768075674680868e-08
"mackerel tuna, kembel mas, turingan, timbongan, tambacol",29.79,9.728885802365197e-08
"mexican blackcap tarantula, mexican redleg tarantula, orange-knee tarantula, true red leg tarantula, tarantula mexicana pierna roja, tarantule du mexique à pattes rouges",29.074,9.495052897548364e-08
bolivian redrump,29.074,9.495052897548364e-08
"acapulco lesser orange tarantula, mexican pink tarantula",29.074,9.495052897548364e-08
green-winged saltator,28.0,9.144303540323112e-08
"brown river turtle, brown roofed turtle, kachuga de smith",28.0,9.144303540323112e-08
"moluccan kestrel, spotted kestrel, cernícalo de las molucas, cernícalo moluqueño, crécerelle des moluques",25.4292,8.304725842413732e-08
"guerrero orange legs tarantula, mexican fireleg tarantula, tarantula mexicana pierna naranja oscuro, tarantule du mexique à pattes rouille",22.3914,7.312634224742532e-08
cream-breasted fruit dove,21.4774,7.014138030604843e-08
island collared dove,21.3441,6.97060461410752e-08
wandering whistling duck,21.1364,6.902773476774479e-08
"african large-grain lizard, african savanna monitor, bosc's monitor, northern savanna monitor, varan des savanes, varan des steppes",20.1299,6.574068422726794e-08
kanderi besar,20.09,6.561037790181833e-08
common wolf snake,18.42,6.01564540045542e-08
"chinese giant salamander, salamandra gigante de china, salamandre du père david, salamandre géante de chine",18.0,5.878480847350572e-08
asian leaf turtle,15.08,4.92486062100259e-08
"china alligator, chinese alligator, aligator de china, alligator de chine",13.762,4.4944251900688096e-08
coleto,12.7947,4.178522160977576e-08
blue swimming crab,12.46,4.0692150754437846e-08
"derasa clam, southern giant clam",11.8139,3.8582102712508293e-08
"maxima clam, small giant clam",11.8139,3.8582102712508293e-08
"fluted clam, fluted giant clam, scaly clam",11.8139,3.8582102712508293e-08
"common scops-owl, eurasian scops-owl, scops owl, autillo, autillo europeo, hibou petit-duc, petit-duc scops",11.1957,3.656317112371266e-08
white-eared brown dove,10.6721,3.485318636167224e-08
"danggit, barangen tunay, turos, white-spotted spinefoot, rabbitfish, mottled spinefoot, barangan",10.58,3.4552404091649475e-08
"ladies slipper orchid, yellow ladies slipper orchid, sabot de vénus",9.9244,3.241133073413668e-08
black-naped oriole,9.2,3.004556877534736e-08
crowned river turtle,9.0,2.939240423675286e-08
greater green leafbird,8.712,2.8451847301176765e-08
"indo-pacific horseshoe crab, indonesian horseshoe crab, indian horseshoe crab, southern horseshoe crab",8.6135,2.8130163765918975e-08
"veiled chameleon, caméléon casqué",8.05196,2.629627369090717e-08
tiger shark,7.59954,2.481875018815254e-08
bull shark,7.59954,2.481875018815254e-08
"pelagic thresher, zorro pelágico, renard pélagique",7.59954,2.481875018815254e-08
"bronze hammerhead shark, gebuchteter hammerhai, hammerhead, hammerhead shark, kidney-headed shark, scalloped hamerhead, scalloped hammerhead, scalloped hammerhead shark, southern hammerhead shark, cachona, cornúa, cornuda, cornuda comun, cornuda común",7.59954,2.481875018815254e-08
"asian black eagle, black eagle, indian black eagle, águila milana, aigle noir",7.49,2.4461011970364326e-08
nile tilapia,7.14,2.3317974027823936e-08
marbled water monitor,6.164,2.0130531079482736e-08
pink-bellied imperial pigeon,4.48414,1.4644406170465886e-08
"chinese sturgeon, esturgeon chinois",3.51869,1.1491417651535547e-08
blue-winged leafbird,2.84,9.274936448042013e-09
olive-winged bulbul,2.84,9.274936448042013e-09
philippine bulbul,2.7417,8.953906077322812e-09
pied bush chat,2.15,7.021518789890961e-09
