species_name,count
elephantidae,6445
manidae,2493
plantae,2483
panthera tigris,2254
panthera pardus,1901
rhinocerotidae,1768
scleractinia,800
pterocarpus santalinus,780
tracheophyta,645
testudines,628
animalia,610
tectona grandis,598
panthera leo,564
loxodonta,552
cervidae,467
ursidae,445
loxodonta africana,424
actinopterygii,412
aves,378
dalbergia cochinchinensis,328
serpentes,309
dalbergia,308
elasmobranchii,304
helarctos malayanus,302
aliger gigas,298
elephas maximus,296
acinonyx jubatus,293
ursus thibetanus,288
hippocampus,286
manis javanica,286
holothuroidea,276
pythonidae,263
haliotis,258
ceratotherium simum,250
varanus,237
psittacidae,233
crocodylia,201
chelonia mydas,200
panthera tigris sumatrae,197
sus scrofa,195
geochelone elegans,194
eretmochelys imbricata,188
cheloniidae,187
primates,186
tridacnidae,185
panthera tigris tigris,179
crocodylidae,174
prionailurus bengalensis,164
pinus,161
totoaba macdonaldi,157
macaca,154
pan troglodytes,152
shorea,151
ursus arctos,147
bovidae,145
pterocarpus macrocarpus,144
hippopotamus amphibius,144
psittacus erithacus,142
diceros bicornis,141
aquilaria,139
astrochelys radiata,137
panthera uncia,131
testudinidae,130
canis lupus,130
haliotis midae,122
boa constrictor,121
macaca fascicularis,116
accipitridae,116
saiga tatarica,115
panthera onca,114
panthera tigris altaica,109
moschus,104
viverridae,102
python regius,102
rhinoceros unicornis,102
arapaima gigas,101
saiga,100
acipenseriformes,100
axis axis,100
rusa unicolor,98
iguana iguana,98
falconidae,96
hirudo medicinalis,96
fowlea piscator,95
ophiophagus hannah,93
neofelis nebulosa,91
anthozoa,90
anguilla anguilla,90
connochaetes,89
rodentia-hystricomorpha,88
geoclemys hamiltonii,86
malayopython reticulatus,84
muntiacus,84
paradoxurus hermaphroditus,84
vulpes vulpes,83
squamata-lacertilia,82
ara ararauna,82
smutsia gigantea,81
naja naja,80
acropora,80
python,79
aquilaria sinensis,79
psittacula krameri,78
gekko gecko,78
strigiformes,76
copsychus malabaricus,76
ursus americanus,76
psittaciformes,75
python bivittatus,75
elapidae,74
theraphosidae,74
nilssonia gangetica,73
rhinoplax vigil,73
crocodylus niloticus,72
xylia xylocarpa,72
acipenseridae,72
corallium,71
aepyceros melampus,70
erythrophleum ivorense,69
gracula religiosa,67
equus,67
eryx johnii,67
testudo graeca,65
sicalis flaveola,65
dasypodidae,64
hippopotamidae,64
mustelidae-lutrinae,63
puma concolor,62
trachemys scripta elegans,62
smutsia temminckii,61
indotestudo elongata,61
bucerotidae,61
cervus elaphus,61
buteo buteo,61
felidae,60
equus quagga,60
sciuridae,60
varanus salvator,59
chamaeleonidae,59
giraffa,59
papio,58
elephas maximus sumatranus,58
triplochiton scleroxylon,57
macaca arctoides,57
tridacna,57
chelonoidis carbonaria,57
pavo cristatus,56
syncerus caffer,55
physeter macrocephalus,55
python sebae,55
orchidaceae,55
iguana,54
cuora amboinensis,54
copsychus saularis,54
muntiacus muntjak,54
decapoda,53
mammalia,53
antilope cervicapra,53
trionychidae,53
nephropidae,53
falco peregrinus,53
nycticebus,53
odocoileus virginianus,52
pan,52
pterocarpus,52
carettochelys insculpta,52
centrochelys sulcata,52
pycnonotus jocosus,52
santalum,51
lepidochelys olivacea,51
chlorocebus pygerythrus,51
testudo horsfieldii,50
favia,50
alligator mississippiensis,50
pantholops hodgsonii,49
psittacula eupatria,49
sporophila caerulescens,49
catopuma temminckii,49
platysternon megacephalum,48
phasianidae,48
manis pentadactyla,48
hydrochoerus hydrochaeris,48
manis crassicaudata,48
capricornis sumatraensis,48
cuniculus paca,48
melursus ursinus,47
pongo pygmaeus,47
crocodylus porosus,47
shorea robusta,47
heosemys annandalii,47
cactaceae,47
phataginus tricuspis,47
paguma larvata,46
chelonoidis,46
ramphastidae,46
reptilia,45
anura,45
swietenia,45
mustelidae,44
leptailurus serval,44
canidae,44
bos gaurus,44
millepora,44
agapornis,44
macaca mulatta,43
giraffa camelopardalis,43
capricornis,42
lissemys punctata,42
struthio camelus,42
quercus,42
madoqua,42
aquila chrysaetos,42
macaca nemestrina,41
caiman crocodilus,41
colubridae,41
eusideroxylon zwageri,41
lynx rufus,41
carduelis carduelis,41
columbidae,41
heosemys grandis,40
stigmochelys pardalis,40
alligatoridae,40
panax ginseng,40
gorilla,40
leopardus pardalis,39
pongo,39
milicia excelsa,39
eclectus roratus,38
aonyx cinereus,38
tragelaphus scriptus,38
testudo hermanni,38
lorisidae,38
sus,38
afzelia pachyloba,38
boidae,38
tyto alba,37
hystricidae,37
crocodylus,37
bivalvia,37
hippopotamus,37
pterocarpus indicus,37
cacatua sulphurea,36
amazona autumnalis,36
decapoda-brachyura,36
phacochoerus africanus,36
platycercus eximius,36
hyaenidae,36
nycticebus coucang,36
taurotragus oryx,36
dolomiaea costus,36
cetacea,36
afzelia xylocarpa,36
haliastur indus,36
pocillopora,35
pterocarpus soyauxii,35
amazona aestiva,35
antipatharia,34
macaca leonina,34
phacochoerus,34
lophira alata,34
canis,33
ara macao,33
cedrus deodara,33
dalbergia oliveri,33
passeriformes,33
viperidae,33
tridacna gigas,33
julbernardia pellegriniana,33
cassis cornuta,32
python molurus,32
lynx,32
manis culionensis,32
varanus bengalensis,32
aratinga canicularis,32
astrochelys yniphora,31
saltator similis,31
scorpiones,31
falco cherrug,31
cuora mouhotii,31
iguanidae,31
osteolaemus tetraspis,31
lorius lory,31
squamata,31
mandrillus sphinx,30
crocodylus siamensis,30
tragelaphus,30
lynx lynx,30
pecari tajacu,30
leporidae,30
cacatua alba,30
ptyas mucosa,29
tiliqua rugosa,29
platygyra,29
pygathrix nigripes,29
falco,29
hylobatidae,29
nauclea diderrichii,28
cebidae,28
gekkonidae,28
pantherophis guttatus,28
cercopithecidae,28
amyda cartilaginea,28
symphalangus syndactylus,28
ramphastos sulfuratus,28
nomascus gabriellae,28
amazona oratrix,27
intsia bijuga,27
oryzoborus angolensis,27
dalbergia latifolia,27
gyps fulvus,27
jasus lalandii,27
isostichopus fuscus,27
panthera pardus fusca,27
anatidae,26
cuora galbinifrons,26
atherurus macrourus,26
pygathrix nemaeus,26
ara chloropterus,26
chloropsis sonnerati,26
gyps africanus,26
crocodylus moreletii,26
spilornis cheela,26
erinaceidae,26
trachemys callirostris,26
caiman,25
carcharhinus falciformis,25
bubo bubo,25
prionace glauca,25
eublepharis macularius,25
manouria impressa,25
malayemys subtrijuga,25
sphyrna lewini,25
rodentia,25
pangshura tentoria,25
tragulidae,25
cyanocompsa brissonii,24
trachypithecus auratus,24
cedrela odorata,24
dipterocarpus,24
viverricula indica,24
pterocarpus dalbergioides,24
podocnemis unifilis,24
aliger,24
fringillidae,24
odobenus rosmarus,24
gazella,24
ateles geoffroyi,24
garrulax canorus,24
nisaetus cirrhatus,24
herpestidae,24
amazona ochrocephala,24
gmelina,24
gastropoda,24
rhizomys,24
accipiter gentilis,24
probosciger aterrimus,23
buceros bicornis,23
chlorocebus aethiops,23
carcharhinus longimanus,23
alligator,23
panthera tigris corbetti,23
potamochoerus larvatus,23
myiopsitta monachus,22
osyris lanceolata,22
alopias,22
alcyonacea,22
streptopelia chinensis,22
ursus,22
cacatua galerita,22
trachemys scripta,22
orchis mascula,22
callitrichidae,22
procyon lotor,21
manouria emys,21
tiliqua,21
nycticebus pygmaeus,21
hopea odorata,21
pogona,21
caretta caretta,21
entandrophragma cylindricum,21
aratinga solstitialis,21
santalum album,21
sporophila nigricollis,21
martes foina,21
mauremys sinensis,21
scleropages formosus,21
naja,20
eriocheir sinensis,20
chelydra serpentina,20
suidae,20
mollusca,20
pongo abelii,20
ptyas korros,20
cedrus,20
hystrix brachyura,20
tayassu pecari,20
petaurus breviceps,20
pterocarpus erinaceus,20
cacatua moluccensis,20
xanthostemon verdugonianus,20
anguilla,20
senegalia catechu,20
elephas,20
callithrix jacchus,20
sapajus apella,20
stylophora,20
ceratotherium simum simum,20
crocodylus acutus,20
anthracoceros albirostris,20
dasyprocta,20
passeridae,19
chiroptera,19
panthera,19
paroaria dominicana,19
tragelaphus strepsiceros,19
coleoptera,19
chelonoidis denticulata,19
virola,19
papio hamadryas,19
varanidae,19
abies,19
caracal caracal,19
ara militaris,19
sturnidae,19
ursus maritimus,19
siebenrockiella crassicollis,18
philantomba monticola,18
thunnus thynnus,18
arctictis binturong,18
amazona finschi,18
agapornis fischeri,18
syngnathidae,18
tanygnathus lucionensis,18
ara,18
vouacapoua americana,18
cacatuidae,18
pyxis arachnoides,18
ceropegia,18
struthio,18
pangshura tecta,18
mammuthus,18
chamaeleo calyptratus,17
alces alces,17
acacia,17
ateles,17
canis latrans,17
platycercus elegans,17
equus zebra,17
chrysolophus pictus,17
cyclemys dentata,17
melopsittacus undulatus,17
amazona,17
cyanoramphus novaezelandiae,17
shorea astylosa,17
macropodidae,17
ardeidae,17
haliaeetus leucocephalus,17
dasypus novemcinctus,17
felis silvestris,17
isurus oxyrinchus,17
lonchura,17
spalacidae,17
dasyprocta punctata,17
turdidae,17
hippotragus niger,16
strigidae,16
serinus canaria,16
pavo,16
psephotus haematonotus,16
huso huso,16
pycnanthus angolensis,16
chelus fimbriatus,16
gazella bennettii,16
leopardus tigrinus,16
buteo jamaicensis,16
pyrrhura molinae,16
falco tinnunculus,16
varanus nebulosus,16
elephas maximus borneensis,16
bertholletia excelsa,16
strix aluco,16
oryx,16
sphyrnidae,16
zonotrichia capensis,16
terminalia superba,16
naja kaouthia,16
siebenrockiella leytensis,16
sylvicapra grimmia,16
cylicodiscus gabunensis,16
accipiter nisus,16
eucalyptus,16
pristidae,16
lophura nycthemera,16
morelia viridis,16
cedrelinga cateniformis,16
paroaria coronata,16
arachnida,16
gnorimopsar chopi,16
ailurus fulgens,16
naja atra,15
podocnemis expansa,15
serinus,15
amaurornis phoenicurus,15
milvus migrans,15
amazona amazonica,15
tragelaphus imberbis,15
passerina ciris,15
amazona albifrons,15
atelerix albiventris,15
parabuteo unicinctus,15
panulirus,15
dalbergia melanoxylon,15
pavo muticus,15
abies religiosa,15
dendrocygna javanica,15
tapirus,15
lepus,15
paradisaeidae,15
dendrobium,15
lepidoptera,15
okapia johnstoni,15
lagerstroemia speciosa,15
cuora bourreti,15
trachemys dorbigni,15
cephalophus,15
lonchura oryzivora,15
macrochelys temminckii,15
diospyros,15
gracula religiosa palawanensis,15
insecta,14
cuon alpinus,14
eudorcas thomsonii,14
pionus menstruus,14
oriolus chinensis,14
ambystoma mexicanum,14
hippocampus mohnikei,14
redunca,14
asio otus,14
cocos nucifera,14
vultur gryphus,14
nymphicus hollandicus,14
corallium rubrum,14
dipterocarpus alatus,14
fokienia hodginsii,14
pan paniscus,14
mimus polyglottos,14
aldabrachelys gigantea,14
guibourtia,14
cardinalidae,14
magnolia fordiana,14
lutra lutra,14
mauremys mutica,14
felis chaus,14
coelognathus radiatus,14
haliaeetus leucogaster,14
odocoileus hemionus,14
cephalophus dorsalis,14
kobus ellipsiprymnus,14
pandinus imperator,14
canis aureus,14
alcelaphus buselaphus,13
ovis ammon,13
varanus exanthematicus,13
nautilidae,13
cedrela,13
erythrophleum fordii,13
phataginus tetradactyla,13
haliotidae,13
damaliscus korrigum,13
callithrix,13
merluccius australis,13
amazona farinosa,13
varanus niloticus,13
pelodiscus sinensis,13
piptadeniastrum africanum,13
nanger granti,13
cervus elaphus canadensis,13
aloe ferox,13
mellivora capensis,13
zosterops,13
dermochelys coriacea,13
pycnonotus goiavier,13
hoplobatrachus tigerinus,13
lama guanicoe,13
delphinidae,13
eryx,13
accipiter trivirgatus,13
lorius garrulus,13
distemonanthus benthamianus,13
terrapene carolina carolina,12
chloroxylon swietenia,12
clemmys guttata,12
tubipora musica,12
prosopis pallida,12
araneae,12
crotalus,12
hydrosaurus pustulatus,12
cingulata,12
acridotheres cristatellus,12
anodorhynchus hyacinthinus,12
prunus africana,12
tayassuidae,12
gubernatrix cristata,12
bos javanicus,12
anguilliformes,12
chloropsis cochinchinensis,12
manta,12
poicephalus senegalus,12
colossoma macropomum,12
guibourtia coleosperma,12
fagus,12
gorilla gorilla,12
scincidae,12
vulpes,12
enterolobium cyclocarpum,12
brosimum utile,12
boa,12
tragelaphus spekii,12
nycticebus bengalensis,12
porphyrio porphyrio,12
pseudois nayaur,12
pogona vitticeps,12
diospyros ebenum,12
handroanthus,12
baillonella toxisperma,12
vicugna vicugna,12
agapornis personatus,11
cuora,11
phasianus colchicus,11
geopelia striata,11
polytelis anthopeplus,11
rhyticeros undulatus,11
neophron percnopterus,11
malayemys macrocephala,11
varanus griseus,11
tridacna maxima,11
dromaius novaehollandiae,11
myadestes occidentalis,11
pygathrix cinerea,11
buteo,11
araucaria angustifolia,11
axis porcinus,11
dalbergia odorifera,11
macaca assamensis,11
civettictis civetta,11
icterus icterus jamacaii,11
accipiter,11
gallus gallus,11
lonchura punctulata,11
colobus,11
panulirus homarus,11
carduelis,11
glyptemys insculpta,11
tridacna squamosa,11
psittacula alexandri,11
passerina cyanea,11
melanochelys tricarinata,11
bursera graveolens,11
panthera leo persica,11
monodon monoceros,11
lutrogale perspicillata,11
physignathus cocincinus,11
cephalopoda,11
chitra indica,11
eunectes,11
geochelone platynota,11
prionailurus viverrinus,11
manilkara bidentata,11
lovoa trichilioides,11
scorpionidae,10
leopardus wiedii,10
erythrocebus patas,10
corvus,10
trichoglossus haematodus moluccanus,10
mustela,10
panthera pardus saxicolor,10
eos bornea,10
sporophila,10
shorea contorta,10
staurotypus triporcatus,10
magnoliopsida,10
rallidae,10
panthera pardus melas,10
terrapene,10
concholepas concholepas,10
primates-lemuroidea,10
troides,10
andrias davidianus,10
thraupidae,10
prosopis,10
lycaon pictus,10
oryx gazella,10
ochroma pyramidale,10
pterocarpus tinctorius,10
cardinalis cardinalis,10
spinus magellanicus,10
falco rusticolus,10
phoenicopteridae,10
nectariniidae,10
connochaetes taurinus,10
manis,10
ceiba pentandra,10
cervus nippon,10
pinus wallichiana,10
shorea negrosensis,10
malayemys,10
cyclemys oldhamii,10
corvidae,10
sus barbatus,10
geoemyda spengleri,10
myliobatiformes-myliobatoidei,10
cuora flavomarginata,10
sciuridae-pteromyini,10
arctonyx collaris,10
melogale moschata,10
buceros rhinoceros,10
melanochelys trijuga,10
python molurus molurus,10
epicrates cenchria,10
pycnonotidae,10
caracara plancus,9
formicidae,9
panulirus ornatus,9
gallus,9
caiman yacare,9
dalbergia retusa,9
sporophila lineola,9
ursus arctos horribilis,9
cuniculus,9
cupressaceae,9
entandrophragma utile,9
meliaceae,9
salmonidae,9
brachypelma vagans,9
ornithoptera,9
argusianus argus,9
trachypithecus,9
nycticebus javanicus,9
juglans,9
parus cinereus,9
nomascus leucogenys,9
hippotragus equinus,9
turdus,9
psittacula cyanocephala,9
brotogeris jugularis,9
pycnonotus finlaysoni,9
glaucostegus cemiculus,9
macaca fascicularis fascicularis,9
panax quinquefolius,9
elanus caeruleus,9
cichlidae,9
cebus,9
gmelina arborea,9
amazona auropalliata,9
lophophorus impejanus,9
intsia,9
bovidae-caprinae,9
chloropsis cyanopogon,9
carcharodon carcharias,9
dugong dugon,9
aquilaria malaccensis,9
terrapene carolina,9
charonia tritonis,9
hyaena hyaena,9
fabaceae,9
cercocebus atys,9
tragulus kanchil,9
trochilidae,9
chloris chloris,9
rucervus duvaucelii,9
xiphias gladius,9
vitex parviflora,9
platymiscium yucatanum,9
treron,9
burretiodendron hsienmu,9
cyanoliseus patagonus,9
eudynamys scolopaceus,9
mitragyna speciosa,9
pinus kesiya,9
mandrillus,9
rhizophoraceae,9
mammuthus primigenius,8
mauremys reevesii,8
aratinga erythrogenys,8
pterocnemia pennata,8
aceros cassidix,8
dipterocarpus grandiflorus,8
lycalopex culpaeus,8
gypaetus barbatus,8
aulacorhynchus prasinus,8
malaclemys terrapin,8
pangshura smithii,8
ouroborus cataphractus,8
lagerstroemia,8
nycticorax nycticorax,8
lithophaga lithophaga,8
ramphastos toco,8
boselaphus tragocamelus,8
pilosa,8
prinia,8
falconiformes,8
antidorcas marsupialis,8
ailuropoda melanoleuca,8
anthropoides virgo,8
aulacomya atra,8
galeocerdo cuvier,8
chelonoidis niger,8
lama glama,8
aratinga leucophthalma,8
thunnus,8
chordata,8
oedipomidas oedipus,8
genetta,8
psittacus erithacus timneh,8
morelia spilota,8
aratinga pertinax,8
tridacna derasa,8
sciurus vulgaris,8
panopea,8
passerina caerulea,8
pandion haliaetus,8
tragelaphus eurycerus,8
erinaceus concolor,8
pheucticus melanocephalus,8
rhincodon typus,8
serranidae,8
campnosperma panamensis,8
galliformes,8
acridotheres javanicus,8
tomistoma schlegelii,8
brachypelma,8
tiaris canorus,8
kinosternon,8
ciconiidae,8
eolophus roseicapilla,8
crotalus durissus,8
moschus berezovskii,8
bubo virginianus,8
hystrix cristata,8
panthera pardus kotiya,8
aegypius monachus,8
acridotheres tristis,8
hylobates moloch,8
ratufa bicolor,8
atherurus,8
lemur catta,8
bitis gabonica,8
heloderma horridum,8
mauremys annamensis,8
naemorhedus,8
falco sparverius,8
bubalus bubalis,8
pionus senilis,8
shorea polysperma,8
chlamydotis undulata,8
pterocarpus angolensis,8
rucervus eldii,8
tupinambis,8
mobula,8
leucopsar rothschildi,8
lampropeltis californiae,8
elanus axillaris,8
rhea,8
penelopides panini,8
coralliidae,8
ara severus,7
hymenaea courbaril,7
falcataria falcata,7
capreolus capreolus,7
sacalia quadriocellata,7
paroaria,7
coryphaena hippurus,7
euphyllia,7
gruidae,7
gavialis gangeticus,7
nasua nasua,7
platycercus,7
ctenosaura pectinata,7
dipterocarpus tuberculatus,7
cnidaria,7
garrulax leucolophus,7
isostichopus badionotus,7
diospyros discolor,7
blattodea,7
catha edulis,7
capricornis milneedwardsii,7
spizaetus bartelsi,7
chinchilla,7
rhinobatos rhinobatos,7
gazella subgutturosa,7
sphyrna mokarran,7
alcedinidae,7
tragulus javanicus,7
francolinus pondicerianus,7
rhinoceros,7
martes martes,7
meles meles,7
camelus,7
panthera tigris jacksoni,7
rhizophora,7
loriculus,7
calophyllum,7
orycteropus afer,7
saimiri sciureus,7
papio cynocephalus,7
trigonoceps occipitalis,7
streptopelia tranquebarica,7
psittrichas fulgidus,7
milvus milvus,7
plectropomus leopardus,7
chalcophaps indica,7
mytilus chilensis,7
artocarpus altilis,7
crocuta crocuta,7
milleporidae,7
calyptorhynchus banksii,7
anas crecca,7
pernis apivorus,7
kobus kob thomasi,7
phacochoerus aethiopicus,7
swietenia macrophylla,7
troides helena,7
falco jugger,7
macaca sylvanus,7
apodidae,7
dendrocygna bicolor,7
martes zibellina,7
shorea laevis,7
cistanche deserticola,7
potos flavus,7
koompassia malaccensis,7
papio anubis,7
lampropeltis triangulum,7
priodontes maximus,7
balearica regulorum,7
betula alnoides,7
gopherus agassizii,7
astrophytum asterias,7
pteropus,7
corallus caninus,7
erethizontidae,7
turdus rufiventris,7
hystrix,7
varanus prasinus,7
loriculus philippensis,7
colobus guereza,7
nyctereutes procyonoides,7
trichoglossus haematodus,7
hylobates agilis,7
trachemys venusta,7
dendrocygna autumnalis,7
merluccius gayi,7
zosteropidae,7
panthera pardus orientalis,7
panthera leo x tigris,7
cebus capucinus,7
lampropeltis,7
ovis canadensis,7
lanius schach,7
chilopoda,7
caiman latirostris,7
hippocampus coronatus,7
pycnonotus aurigaster,7
urocyon cinereoargenteus,7
anguilla rostrata,7
pseudoplatystoma,7
hydrosaurus,6
heliopora,6
anas poecilorhyncha,6
ardeola bacchus,6
didelphis,6
rattus,6
pheucticus ludovicianus,6
pseudoplatystoma fasciatum,6
mezilaurus itauba,6
saltator aurantiirostris,6
trogonoptera brookiana,6
loris,6
ovibos moschatus,6
calophysus macropterus,6
python brongersmai,6
tabebuia rosea,6
nilssonia hurum,6
bos,6
felis,6
ficus,6
jacaranda copaia,6
kinosternon leucostomum,6
fungia,6
laguncularia racemosa,6
conophytum,6
channa barca,6
terminalia alata,6
bambusa,6
eunectes notaeus,6
heloderma suspectum,6
echinoidea,6
daboia russelii,6
loxechinus albus,6
afzelia africana,6
carnivora,6
ardea alba,6
neovison vison,6
chrysophyllum cainito,6
psittinus cyanurus,6
terminalia,6
bulnesia sarmientoi,6
bubulcus ibis,6
loriculus galgulus,6
alophoixus bres,6
cibotium barometz,6
uromastyx,6
ceiba samauma,6
gallinula chloropus,6
picidae,6
forpus coelestis,6
parapiptadenia rigida,6
matisia cordata,6
athene noctua,6
laridae,6
guibourtia tessmannii,6
anas acuta,6
brotogeris versicolurus,6
cyclemys pulchristriata,6
circus aeruginosus,6
procapra gutturosa,6
paradisaea minor,6
cananga odorata,6
kinosternon scorpioides,6
gallicrex cinerea,6
thunnus albacares,6
lepus nigricollis,6
aquila heliaca,6
capra ibex,6
batagur kachuga,6
otoba gracilipes,6
pseudeos fuscata,6
myadestes unicolor,6
scolopacidae,6
tapirus terrestris,6
trochus,6
babyrousa,6
canis lupus familiaris,6
trachypithecus hatinhensis,6
acacia mangium,6
rusa timorensis,6
falco columbarius,6
cercopithecus,6
khaya ivorensis,6
palinuridae,6
muridae,6
lissachatina fulica,6
capreolus pygargus,6
taxus chinensis,6
albizia saman,6
herpestes javanicus,6
ceratophrys,6
mangifera indica,6
raphicerus campestris,6
goupia glabra,6
moschus moschiferus,6
phrynosoma,6
nauclea orientalis,6
picea,6
ictinaetus malayensis,6
otoba parvifolia,6
coryphospingus cucullatus,6
pavona,6
tiliqua gigas,6
cacatua,6
capra,6
calophyllum brasiliense,6
chlorocebus sabaeus,6
chaetophractus nationi,6
pelecanus,6
pycnonotus,6
casuarius,6
cercopithecus ascanius,6
asteroidea,6
thraupis,6
platycercus icterotis,6
dipterocarpaceae,6
hippopus hippopus,6
suricata suricatta,6
martes,6
kinosternon acutum,6
placuna placenta,6
necrosyrtes monachus,6
garrulax mitratus,6
chloropseidae,6
anodorhynchus leari,6
icterus icterus,6
sterculia oblonga,6
artocarpus heterophyllus,6
petaurista petaurista,6
nasua narica,6
streptopelia,6
eos histrio,6
naemorhedus goral,6
guibourtia ehie,6
loxodonta cyclotis,6
calycophyllum spruceanum,6
clarisia racemosa,6
nisaetus philippensis,6
palea steindachneri,6
cordia alliodora,6
manilkara,6
testudo,6
saara hardwickii,6
dama dama,6
micrandra spruceana,5
numididae,5
buteo lagopus,5
callosciurus prevostii,5
porphyrio,5
lynx pardinus,5
chlamydotis macqueenii,5
crotalus atrox,5
semnopithecus,5
acipenser stellatus,5
vachellia macracantha,5
equus zebra hartmannae,5
scylla,5
tivela stultorum,5
cedrela fissilis,5
bos taurus,5
rhinoclemmys areolata,5
alopias vulpinus,5
cupressus lusitanica,5
panax,5
litsea,5
saimiri,5
terrapene carolina bauri,5
hieraaetus pennatus,5
caracara cheriway,5
ornithoptera priamus,5
ocotea,5
sphyrna,5
leiothrix lutea,5
aspidites ramsayi,5
tragelaphus angasii,5
alnus acuminata,5
lauraceae,5
smutsia,5
manilkara zapota,5
prinia familiaris,5
chloropsis venusta,5
dalbergia granadillo,5
nasua,5
lophophora williamsii,5
procyonidae,5
homalopsis buccata,5
brachypelma boehmei,5
brotogeris tirica,5
arthropoda,5
simalia amethistina,5
chrysemys picta,5
cephalophus callipygus,5
octopoda,5
cichla ocellaris,5
cinnamomum,5
erythrura gouldiae,5
virola sebifera,5
orcinus orca,5
bubo philippensis,5
palaquium,5
poulsenia armata,5
chersina angulata,5
taxaceae,5
aprosmictus erythropterus,5
copaifera reticulata,5
oncorhynchus tshawytscha,5
carcharhinus leucas,5
shorea obtusa,5
cyornis,5
testudo marginata,5
heliopora coerulea,5
eusideroxylon,5
batagur baska,5
oryzoborus maximiliani,5
aix galericulata,5
ozotoceros bezoarticus,5
callithrix penicillata,5
testudo kleinmanni,5
melanosuchus niger,5
corvus corax,5
icterus,5
rhizomys pruinosus,5
tremarctos ornatus,5
encephalartos,5
cryptobranchidae,5
hopea,5
streptopelia decaocto,5
blastocerus dichotomus,5
gorgonia,5
nasalis larvatus,5
nyctea scandiaca,5
vanda,5
passer domesticus,5
callosciurus erythraeus,5
rupicapra rupicapra,5
nycticebus menagensis,5
abronia,5
cercopithecus neglectus,5
cuora trifasciata,5
antaresia stimsoni,5
cordia elaeagnoides,5
herpailurus yaguarondi,5
aquila rapax,5
antilocapra americana,5
sindora siamensis,5
lynx canadensis,5
azadirachta indica,5
salminus brasiliensis,5
paphiopedilum,5
sphyrna zygaena,5
ursus thibetanus laniger,5
gyrinops walla,5
presbytis comata,5
accipitriformes,5
tragulus napu,5
lagerstroemia calyculata,5
orlitia borneensis,5
testudo graeca terrestris,5
cyanoloxia brissonii,5
eunectes murinus,5
sterculia rhinopetala,5
alouatta pigra,5
zosterops palpebrosus,5
shorea wangtianshuea,5
alopias pelagicus,5
sporophila albogularis,5
ploceus manyar,5
polytelis swainsonii,5
tapiridae,5
diopsittaca nobilis,5
trichoglossus ornatus,5
sporophila bouvreuil,5
cephalophus natalensis,5
cercopithecus petaurista,5
bubo bubo bengalensis,5
dissostichus eleginoides,5
perdix perdix,5
volatinia jacarina,5
discocactus,5
combretum imberbe,5
mimus gilvus,5
myroxylon balsamum,5
aratinga jandaya,5
trioceros jacksonii,5
glaucidium brasilianum,5
squatina oculata,5
aratinga nana,5
cacatua haematuropygia,5
accipiter badius,5
gazella dorcas,5
gorilla beringei beringei,5
terminalia oblonga,5
cricetomys gambianus,5
ploceus philippinus,5
papio ursinus,5
hippotragus niger variani,5
taurotragus,5
ceratophrys ornata,5
saltator fuliginosus,5
moringa oleifera,5
vanda tessellata,4
dalbergia louvelii,4
porifera,4
choromytilus chorus,4
trachypithecus pileatus,4
arecaceae,4
koordersiodendron pinnatum,4
otus scops,4
otus,4
pangshura sylhetensis,4
eschweilera juruensis,4
lonchura atricapilla,4
bungarus fasciatus,4
sus scrofa andamanensis,4
paubrasilia echinata,4
dalbergia nigra,4
cordia trichotoma,4
sarcops calvus,4
ferocactus,4
psittacula longicauda,4
colophospermum mopane,4
balfourodendron riedelianum,4
aquila audax,4
guibourtia conjugata,4
tribolonotus gracilis,4
melogale personata,4
goura cristata,4
allantoma decandra,4
apuleia leiocarpa,4
shorea roxburghii,4
arctogalidia trivirgata,4
oophaga histrionica,4
hardella thurjii,4
lontra longicaudis,4
lemuridae,4
yucca schidigera,4
phelsuma madagascariensis,4
numida meleagris,4
dicrurus,4
psittacula,4
asio flammeus,4
anadenanthera colubrina,4
genypterus blacodes,4
zosterops japonicus,4
brachypelma smithi,4
cicinnurus regius,4
anser indicus,4
anas,4
huso dauricus,4
dendrocygna arcuata,4
plegadis falcinellus,4
kobus vardonii,4
sporophila plumbea,4
falco vespertinus,4
macaca nigra,4
ceratonia siliqua,4
larix,4
deinagkistrodon acutus,4
linaria cannabina,4
tiliqua scincoides scincoides,4
pouteria,4
ceropegia gordonii,4
pygathrix,4
alopias superciliosus,4
carcharhinus melanopterus,4
goniopora,4
chamaecyparis formosensis,4
endospermum peltatum,4
centropus sinensis,4
aplonis panayensis,4
bryophyta,4
genetta genetta,4
gonyosoma oxycephalum,4
alisterus scapularis,4
gorilla gorilla gorilla,4
aratinga holochlora,4
viverra zibetha,4
tupinambis teguixin,4
aethopyga siparaja,4
swietenia mahagoni,4
gluta renghas,4
macrolobium acaciifolium,4
sporophila torqueola,4
anseriformes,4
meleagris,4
trimeresurus albolabris,4
varanus salvadorii,4
boiga dendrophila,4
moschus chrysogaster,4
dendrobatidae,4
gracula,4
smaug giganteus,4
castanea,4
lophura leucomelanos,4
acipenser gueldenstaedtii,4
pycnonotus flaviventris,4
spinus psaltria,4
spinus cucullatus,4
gluta laccifera,4
chalcopsitta atra,4
forpus passerinus,4
rhea pennata,4
rhinoclemmys pulcherrima,4
procapra przewalskii,4
sporophila angolensis,4
tetraogallus,4
schinopsis,4
cercopithecus lhoesti,4
litsea philippinensis,4
cyclura cornuta,4
haemorhous mexicanus,4
naja philippinensis,4
phapitreron leucotis,4
fringilla coelebs,4
graptemys,4
irvingia malayana,4
haliaeetus,4
polyplectron bicalcaratum,4
pica pica,4
aythya nyroca,4
salamandridae,4
mephitidae,4
garrulax chinensis,4
entandrophragma candollei,4
icterus cucullatus,4
melia azedarach,4
antrocaryon klaineanum,4
intellagama lesueurii,4
amazona xanthops,4
eupsittula aurea,4
fokienia,4
tupinambis merianae,4
agalychnis callidryas,4
epinephelus,4
furcifer pardalis,4
gastrodia elata,4
ceiba,4
alectoris chukar,4
bromeliaceae,4
mugilidae,4
nepenthes,4
kinixys belliana,4
saguinus midas,4
calocitta formosa,4
ortalis,4
pachyelasma tessmannii,4
madoqua kirkii,4
dicerorhinus sumatrensis,4
elephas maximus indicus,4
alaudidae,4
aerodramus,4
antipathes,4
lanthanotus borneensis,4
rochia nilotica,4
melogale,4
heosemys spinosa,4
physeteridae,4
bitis arietans,4
bubalus arnee,4
rhinobatidae,4
acanthuridae,4
gyps himalayensis,4
emys orbicularis,4
ramphastos tucanus,4
cynomys,4
petersianthus quadrialatus,4
herpestes,4
lysiloma,4
rhizophora mangle,4
nandayus nenday,4
afzelia,4
psittacula roseata,4
cassidae,4
myrmecophaga tridactyla,4
peltogyne,4
hymenaea,4
pygeum arboreum,4
aglaia spectabilis,4
dipteryx odorata,4
torgos tracheliotus,4
leiothrix argentauris,4
taxus,4
streptopelia turtur,4
phoenicopterus roseus,4
hylobates lar,4
hopea pierrei,4
atelidae,4
bradypus variegatus,4
cypraea tigris,4
oryx dammah,4
pithecophaga jefferyi,4
icterus chrysater,4
cacatua leadbeateri,4
kobus kob,4
bothriechis schlegelii,4
ctenosaura similis,4
coragyps atratus,4
siluriformes,4
eschweilera coriacea,4
hyracoidea,4
cattleya,4
afzelia quanzensis,4
passer montanus,4
serinus mozambicus,4
coryphospingus pileatus,4
marmota,4
mandrillus leucophaeus,4
bison bison,4
caudata,4
rangifer tarandus,4
haliaeetus albicilla,4
spinus spinus,4
rhea americana,4
amazona leucocephala,4
leplaea cedrata,4
aratinga,4
leptoptilos javanicus,4
ateles paniscus,4
tropidolaemus wagleri,4
anas querquedula,4
tiaris olivaceus,4
ormosia,4
mustela putorius,4
ceiba insignis,4
mico,3
dalbergia pseudo-sissoo,3
gyps indicus,3
siganus,3
dionaea muscipula,3
dendrobates auratus,3
sciurus (sciurus) carolinensis,3
falcataria moluccana,3
sporophila maximiliani,3
chromatopelma cyaneopubescens,3
crax rubra,3
lagomorpha,3
canarium schweinfurthii,3
pelomedusa subrufa,3
terrapene ornata,3
xenopeltis unicolor,3
cinnamomum parthenoxylon,3
cuculidae,3
lepisosteidae,3
entandrophragma angolense,3
scombridae,3
gynotroches axillaris,3
tragopan temminckii,3
cercopithecus mitis,3
santalaceae,3
otariidae,3
hyaena,3
cercocebus agilis,3
rusa,3
bos mutus,3
amazona vinacea,3
pycnonotus zeylanicus,3
dinopium javanense,3
anas clypeata,3
ixos malaccensis,3
ondatra zibethicus,3
varanus marmoratus,3
streptopelia bitorquata,3
emydoidea blandingii,3
egernia,3
chelydridae,3
alouatta,3
chamaeleo,3
bombax buonopozense,3
buteo magnirostris,3
hippopus porcellanus,3
pericopsis elata,3
leiopython albertisii,3
tectona,3
sporophila frontalis,3
perodicticus potto,3
chalcopsitta duivenbodei,3
leiolepis belliana,3
heosemys depressa,3
ara glaucogularis,3
cardinalis,3
cebus albifrons,3
tamandua tetradactyla,3
halcyon smyrnensis,3
pardofelis marmorata,3
cyclemys,3
diospyros mun,3
hirudo verbana,3
morenia ocellata,3
trypoxylus dichotomus,3
isurus,3
cilus gilberti,3
brachypelma emilia,3
araucaria,3
glaucidium cuculoides,3
lorius chlorocercus,3
trochidae,3
dalbergia bariensis,3
ariocarpus,3
ceroxylon quindiuense,3
rhyticeros plicatus,3
threskiornithidae,3
ariocarpus retusus,3
leptoptilos crumeniferus,3
euphorbia,3
podocnemis,3
dasyprocta fuliginosa,3
acropora cervicornis,3
salamandra salamandra,3
hemiramphus far,3
ducula aenea,3
sporophila collaris,3
mantodea,3
melaleuca leucadendra,3
platalea,3
cercopithecus campbelli,3
serranidae - epinephelinae,3
seleucidis melanoleucus,3
giraffidae,3
casuarius casuarius,3
neophema pulchella,3
troides aeacus,3
terminalia arjuna,3
turnix suscitator,3
trachemys,3
colicodendron scabridum,3
procapra picticaudata,3
streptopelia orientalis,3
crocodylus rhombifer,3
terrapene carolina triunguis,3
trachypithecus laotum,3
spirostachys africana,3
boiga,3
schizolobium,3
phoenicoparrus andinus,3
geoemydidae,3
brachylophus fasciatus,3
aratinga auricapillus,3
herpestes javanicus auropunctatus,3
carlito syrichta syrichta,3
gyps coprotheres,3
coturnix,3
acridotheres grandis,3
ormosia schunkei,3
cinnamomum camphora,3
leptocoma brasiliana,3
mephitis mephitis,3
bubalus,3
gyps rueppellii,3
aniba,3
galeopterus variegatus,3
cinnyris jugularis,3
tabebuia serratifolia,3
afzelia bipindensis,3
dicrurus macrocercus,3
pomatorhinus montanus,3
brachystegia leonensis,3
irena puella,3
acroporidae,3
actiniaria,3
pomacentridae,3
cacatua sulphurea citrinocristata,3
perciformes,3
melanotis caerulescens,3
gambeya gigantea,3
naja melanoleuca,3
terrapene mexicana,3
dalbergia stevensonii,3
staudtia kamerunensis,3
lagothrix,3
pycnonotus atriceps,3
lophura diardi,3
grus grus,3
geranoaetus melanoleucus,3
arapaima,3
saltatricula atricollis,3
polyodon spathula,3
cupressus,3
ahaetulla,3
piscidia piscipula,3
paradisaea apoda,3
hypancistrus zebra,3
haliotis cracherodii,3
sericulus ardens,3
ophiocordyceps sinensis,3
brotogeris chiriri,3
geokichla citrina,3
anacardium excelsum,3
candoia carinata,3
hemidactylus,3
heterodon nasicus,3
allium,3
correlophus ciliatus,3
mecistops cataphractus,3
cercocebus torquatus,3
alphitonia zizyphoides,3
capra hircus aegagrus,3
rhinella,3
tetracerus quadricornis,3
cycadales,3
koompassia excelsa,3
kinosternon baurii,3
pseudoplatystoma corruscans,3
estrildidae,3
forpus,3
loris tardigradus,3
coelodonta antiquitatis,3
tangara fastuosa,3
trichechus senegalensis,3
cyprinidae,3
garrulus glandarius,3
phalaenopsis,3
humiriastrum procerum,3
umbrina roncador,3
redunca arundinum,3
scarabaeidae,3
cacicus cela,3
athene cunicularia,3
recurvirostra,3
cymbidium goeringii,3
lucanidae,3
passerina versicolor,3
naemorhedus griseus,3
alouatta seniculus,3
ariocarpus fissuratus,3
theraphosa blondi,3
amazona viridigenalis,3
corallus hortulanus,3
ceratophrys cranwelli,3
alopochen aegyptiaca,3
clupea,3
thunnus alalunga,3
holothuria (halodeima) floridana,3
heterodon platirhinos,3
poecilia reticulata,3
cephalophus silvicultor,3
crotalus molossus,3
pelophylax nigromaculatus,3
buceros hydrocorax,3
paradoxurus,3
oreochromis niloticus,3
pheucticus aureoventris,3
ramphastos vitellinus,3
presbytis melalophos,3
bungarus caeruleus,3
cavia porcellus,3
anas strepera,3
anthus cervinus,3
brosimum,3
dendrocygna,3
cacicus chrysopterus,3
brosimum alicastrum,3
spindalis portoricensis,3
chinchillidae,3
spinus tristis,3
prochilodus lineatus,3
thraupis sayaca,3
juniperus procera,3
myristicaceae,3
cyanocorax,3
pteroglossus,3
ficus pertusa,3
diceros bicornis michaeli,3
carduelis yarrellii,3
herpestes edwardsi,3
lambis scorpius,3
pleuroploca trapezium,3
mustela sibirica,3
urocissa erythroryncha,3
vulpes zerda,3
callicebus,3
sistrurus catenatus,3
graptemys pseudogeographica,3
caviidae,3
antaresia perthensis,3
melopyrrha nigra,3
kinixys erosa,3
uromastyx ornata,3
melanoperdix niger,3
phragmipedium,3
thymelaeaceae,3
pectinidae,3
equus africanus linnaeus,3
serrasalmidae,3
adinandra integerrima,3
polyplectron napoleonis,3
tiliqua scincoides,3
philantomba maxwellii,3
schima wallichii,3
carassius auratus,3
naja haje,3
tapirus indicus,3
trimeresurus flavomaculatus,3
madhuca pasquieri,3
tetraodontidae,3
chrysopelea paradisi,3
lamiaceae,3
commiphora wightii,3
chamaecyparis obtusa,3
varanus macraei,3
vulpes bengalensis,3
commiphora,3
saguinus,3
ahaetulla prasina,3
vatica,3
apalone ferox,3
emydura subglobosa,3
tadorna ferruginea,3
lithocarpus ducampii,3
centropus,3
puma,3
pholidota,3
bubo sumatranus,3
alcelaphus,3
aepyceros,3
cyrtophyllum fragrans,3
platanista gangetica,3
cycadaceae,3
naultinus gemmeus,3
crotalus horridus,3
hevea brasiliensis,3
amphibia,3
aspidites melanocephalus,3
aotus,3
malacochersus tornieri,3
agkistrodon contortrix,3
cycas,3
gongylophis colubrinus,3
sauria,3
cariniana domestica,3
macropus rufogriseus,3
circus pygargus,3
leucaena leucocephala,3
paleosuchus palpebrosus,3
hymenolobium,3
chrotogale owstoni,3
gonocephalus,3
casuariidae,3
trachurus trachurus,3
durio,3
syncerus,3
magnolia,3
circus,3
falco subbuteo,3
bison,3
ratufa indica,3
cordia americana,3
gallus sonneratii,3
neobalanocarpus heimii,3
tetrastes bonasia,3
capra falconeri,3
brotogeris,3
bubo,3
macaranga,3
phocidae,3
damaliscus lunatus,3
felis silvestris lybica,3
aythya ferina,3
dinizia excelsa,3
harpago chiragra,3
gluta,3
acipenser sinensis,3
neolamarckia cadamba,3
mora,3
acipenser schrenckii,3
manilkara hexandra,3
varanus komodoensis,3
caryophyllales,3
cordia dodecandra,3
brachypelma albopilosum,3
pinus radiata,3
protium,3
grammostola pulchripes,3
calyptorhynchus baudinii,3
platymiscium,3
egretta garzetta,3
channidae,3
cheilinus undulatus,3
varanus cumingi,3
encephalartos princeps,3
hippocampus spinosissimus,3
heterophasia picaoides,3
mimosa caesalpiniifolia,3
cracidae,3
oophaga sylvatica,3
ammotragus lervia,3
lasiodora parahybana,3
mauremys japonica,3
pitangus sulphuratus,3
carcharhinus limbatus,3
sicalis,3
erisma,3
pyrrhula pyrrhula,3
hystrix indica,3
nautilus pompilius,3
stomatopoda,2
thraupis episcopus,2
shorea siamensis,2
pteroglossus torquatus,2
pluvialis apricaria,2
sphyrna tudes,2
mazama americana,2
mazama temama cerasina,2
anhinga melanogaster,2
maesopsis eminii,2
oryctolagus cuniculus,2
cerdocyon thous,2
guaiacum officinale,2
pernis ptilorhynchus,2
camponotus,2
myocastor coypus,2
buteo rufinus,2
prionailurus bengalensis heaneyi,2
nycticorax,2
ramphocelus bresilius,2
tachyphonus coronatus,2
anorrhinus tickelli,2
myracrodruon urundeuva,2
ourebia ourebi,2
pinus merkusii,2
anguidae,2
duabanga grandiflora,2
pollicipes pollicipes,2
falco eleonorae,2
tetramerista glabra,2
canarium,2
cephalophus zebra,2
cercopithecus cephus,2
accipiter brevipes,2
equus (equus) ferus,2
keteleeria davidiana,2
falco biarmicus,2
streptopelia senegalensis,2
hippocampus hippocampus,2
tiliqua occipitalis,2
syzygium cumini,2
viverra tangalunga,2
pteropus vampyrus,2
mammillaria elongata,2
buchanania,2
gymnocalycium anisitsii,2
acanthocereus tetragonus,2
xanthocephalus,2
aloe,2
obregonia denegrii,2
telmatobius,2
leopardus,2
mazama,2
pipraeidea bonariensis,2
papilio chikae,2
loriculus vernalis,2
acanthoscurria geniculata,2
lonchura malacca,2
bletilla,2
chukrasia,2
fraxinus mandshurica,2
chamaeleo gracilis,2
neonauclea sessilifolia,2
parkinsonia praecox,2
neolamarckia,2
estrilda astrild,2
nomascus siki,2
anser fabalis,2
vachellia aroma,2
pinus wangii,2
antiaris toxicaria,2
cuora picturata,2
mimizuku gurneyi,2
trachemys scripta scripta,2
sindora,2
forpus conspicillatus,2
alophoixus,2
lonchocarpus castilloi,2
strix seloputo,2
pinctada maxima,2
zaedyus pichiy,2
strix leptogrammica,2
anisoptera,2
acer,2
otus choliba,2
guarea,2
inga,2
gymnocalycium,2
falco amurensis,2
alouatta palliata,2
pandinus,2
coryphantha,2
trachypithecus cristatus,2
allotopus moellenkampi,2
graphiurus murinus,2
meriones unguiculatus,2
calophyllum inophyllum,2
laelia speciosa,2
rhododendron,2
procavia capensis,2
goura,2
couma macrocarpa,2
papilio,2
vatica rassak,2
lama,2
carcharhinus sorrah,2
hura crepitans,2
parashorea stellata,2
octomeles sumatranum,2
limulidae,2
cratoxylum arborescens,2
trichechus inunguis,2
tyto,2
betula,2
cygnus atratus,2
syzygium aromaticum,2
bulbophyllum,2
crypsirina temia,2
mammillaria,2
bursera simaruba,2
simarouba amara,2
gypohierax angolensis,2
chroicocephalus ridibundus,2
orthopsittaca manilata,2
hylarana guentheri,2
trachypithecus germaini,2
didelphis marsupialis,2
schima,2
populus,2
euodice malabarica,2
mezilaurus,2
aratinga acuticaudata,2
carcharhinus obscurus,2
chukrasia tabularis,2
strix nebulosa,2
oophaga,2
dipteryx,2
epinephelus fuscoguttatus,2
psittacula finschii,2
pachypodium,2
alauda,2
asteraceae,2
melocactus,2
macropus,2
numenius arquata,2
picrorhiza kurrooa,2
echinocereus,2
loriidae,2
hylobates pileatus,2
pedetes,2
conophytum achabense,2
osteoglossum bicirrhosum,2
procyon,2
ensis macha,2
scorodocarpusÂ  borneensis,2
dysoxylum loureirii,2
galagidae,2
brama australis,2
apalone spinifera,2
albizia lebbeck,2
turbinella pyrum,2
otus megalotis,2
francolinus pintadeanus,2
istiophoridae,2
oncorhynchus mykiss,2
mobula tarapacana,2
mobula japanica,2
oncorhynchus kisutch,2
pycnonotus melanicterus,2
cephalopholis sonnerati,2
amazona brasiliensis,2
pseudibis gigantea,2
campnosperma,2
ovis aries,2
treron curvirostra,2
calamus,2
naja sumatrana,2
panthera pardus pardus,2
handroanthus impetiginosus,2
tursiops truncatus,2
pycnonotus cafer,2
crassulaceae,2
fraxinus,2
pyura chilensis,2
conophytum ficiforme,2
lepus sinensis,2
shinisaurus crocodilurus,2
potamotrygonidae,2
brosimum rubescens,2
madhuca longifolia,2
flueggea flexuosa,2
chalcoparia singalensis,2
dalbergia cambodiana,2
elaphodus cephalophus,2
synallaxis cinerea,2
python natalensis,2
mustela nivalis,2
ateles hybridus,2
diospyros blancoi,2
albizia zygia,2
ramphastos,2
tillandsia,2
ongokea gore,2
naso,2
alauda arvensis,2
eucalyptus grandis,2
eryx jayakari,2
aotus lemurinus,2
mangifera,2
thuja occidentalis,2
oriolidae,2
lycalopex griseus,2
turdus merula,2
ardea,2
agave,2
uria aalge,2
ara ambiguus,2
sporophila minuta,2
millettia laurentii,2
pinaceae,2
sporophila crassirostris,2
hypophthalmichthys nobilis,2
aquila,2
cupressus funebris,2
varanus varius,2
canis lupus lupus,2
syngnathus,2
phoenicopterus ruber,2
oncosperma tigillarium,2
nematalosa nasus,2
hymenoptera,2
coscoroba coscoroba,2
threskiornis aethiopicus,2
somateria mollissima,2
diplopoda,2
oophaga pumilio,2
cardiidae,2
megascops choliba,2
allochrocebus lhoesti,2
mareca,2
graptemys flavimaculata,2
nauclea,2
hyacinthoides non-scripta,2
lepidochelys kempii,2
kinosternon subrubrum steindachneri,2
hippocampus trimaculatus,2
babyrousa celebensis,2
rhinobatos,2
terathopius ecaudatus,2
gorilla beringei,2
ailurops ursinus,2
dalbergia maritima,2
macaca fuscata,2
otididae,2
peponocephala electra,2
nardostachys jatamansi,2
holoptelea integrifolia,2
vitex altissima,2
alcedo atthis,2
ciconia ciconia,2
chamaeleo chamaeleon,2
calocedrus macrolepis,2
nephelium lappaceum,2
canarium subulatum,2
gazella arabica,2
scandentia,2
cercopithecus nictitans,2
senna siamea,2
ficus religiosa,2
juglans nigra,2
dissostichus,2
quercus alba,2
ovis,2
ovis dalli,2
menetes berdmorei,2
mycteroperca,2
ovis aries musimon,2
genypterus chilensis,2
bubo ascalaphus,2
intsia palembanica,2
ficus maxima,2
carapa guianensis,2
hopea ferrea,2
cyclura lewisi,2
anisoptera costata,2
simarouba,2
panthera pardus nimr,2
herpestes urva,2
dicrurus leucophaeus,2
trachypithecus obscurus,2
conophytum pageae,2
budorcas taxicolor,2
chloropsis,2
roseodendron donnell-smithii,2
psittacus erithacus erithacus,2
melaleuca,2
bischofia javanica,2
euphorbia laurifolia,2
oreamnos americanus,2
perna viridis,2
diospyros celebica,2
milvus,2
dacelo,2
sphyrna tiburo,2
thryonomys swinderianus,2
poaceae,2
myrmecia,2
artocarpus,2
maquira coriacea,2
lophocebus aterrimus,2
cercopithecus hamlyni,2
aceros corrugatus,2
lagothrix lagotricha,2
buteo albonotatus,2
fulica atra,2
erisma uncinatum,2
spizaetus nipalensis,2
turbo,2
acanthurus,2
pteropus mariannus,2
penelopina nigra,2
huberodendron patinoi,2
crotalus cerastes,2
gonystylus,2
lycalopex sechurae,2
funambulus palmarum,2
prionodon pardicolor,2
macaca silenus,2
cacatua ducorpsii,2
falco peregrinus peregrinator,2
syncerus caffer caffer,2
pterospermum,2
diospyros crassiflora,2
uapaca guineensis,2
pouteria altissima,2
mansonia altissima,2
pristis pristis,2
porthidium nasutum,2
naja siamensis,2
caloenas nicobarica,2
nycticebus borneanus,2
gallirallus torquatus,2
aegithina tiphia,2
prioniturus discurus,2
francolinus,2
sporophila leucoptera,2
pyrrhocorax,2
turdus iliacus,2
sternula albifrons,2
canis adustus,2
brachystegia,2
zenaida macroura,2
globicephala,2
claudius angustatus,2
cyprinodontidae,2
serinus serinus,2
brachypelma auratum,2
ceratogyrus marshalli,2
neoholothele incei,2
phodilus badius,2
bombax ceiba,2
eos squamata,2
pyrrhula,2
python curtus,2
zungaro zungaro,2
amazona rhodocorytha,2
icteridae,2
mobula hypostoma,2
chlorocebus tantalus,2
anguilla japonica,2
sicalis luteola,2
lutjanus campechanus,2
crax fasciolata,2
sagmariasus verreauxi,2
dryobalanops,2
turnicidae,2
pyrrhura rupicola,2
grammostola rosea,2
chloropsis aurifrons,2
artiodactyla,2
brachypelma hamorii,2
encephalartos ferox,2
encephalartos horridus,2
encephalartos eugene-maraisii,2
haliotis rubra,2
osteoglossidae,2
dosidicus gigas,2
cebus olivaceus,2
sturnia pagodarum,2
morenia petersi,2
hippocampus ingens,2
stephanoaetus coronatus,2
varanus palawanensis,2
aratinga wagleri,2
oncidium,2
phocoena phocoena,2
alectoris rufa,2
triplofusus giganteus,2
hippocampus guttulatus,2
spilornis,2
zaglossus bruijni,2
anthracoceros marchei,2
grammatophyllum,2
corvus macrorhynchos,2
lonchura striata,2
cerberus rynchops,2
pteropodidae,2
circus maillardi,2
eulemur coronatus,2
motacilla alba,2
operculicarya decaryi,2
charadrius dubius,2
myliobatidae,2
mesobuthus martensii,2
canis lupus baileyi,2
dasyproctidae,2
rhynchobatus,2
cynoscion,2
aratinga mitrata,2
stephanophorus diadematus,2
vicugna pacos,2
pinales,2
emberiza aureola,2
phractocephalus hemioliopterus,2
nomascus concolor,2
dasypus sexcinctus,2
tetraogallus tibetanus,2
marmota bobak,2
cymbidium faberi,2
buteo albicaudatus,2
calamus rotang,2
sciurus (sciurus) aureogaster,2
ortalis vetula,2
callosciurus finlaysonii,2
gerrhosaurus major,2
chitra chitra,2
cyriopagopus lividus,2
theraphosa stirmi,2
sapajus,2
dendrocygna viduata,2
hysterocrates gigas,2
heteroscodra maculata,2
grammostola pulchra,2
varanus beccarii,2
falco naumanni,2
varanus rainerguentheri,2
ducula pinon,2
catagonus wagneri,2
vombatidae,2
copsychus,2
arctocephalus australis,2
pinopsida,2
psittacidae-loriinae,2
potamochoerus,2
betta splendens,2
prionailurus,2
ebenaceae,2
stenella longirostris,2
profelis aurata,2
basiliscus plumifrons,2
garrulax,2
agropsar sturninus,2
cisticolidae,2
pelecanus onocrotalus,2
civettictis,2
camelus dromedarius,2
parahyaena brunnea,2
tamandua mexicana,2
oophaga lehmanni,2
hyemoschus aquaticus,2
hylobates,2
presbytis rubicunda,2
myadestes townsendi,2
ducula bicolor,2
turdus grayi,2
egernia stokesii,2
burseraceae,2
phasianus,2
ichthyophaga humilis,2
ardea purpurea,2
megaptera novaeangliae,2
saxicola caprata,2
dalbergia baronii,2
nomascus annamensis,2
trichoglossus,2
pelochelys cantorii,2
batagur borneoensis,2
agamidae,2
phoca vitulina,2
leopardus geoffroyi,2
micropogonias,2
indotestudo forstenii,2
taeniopygia guttata,2
colinus virginianus,2
sundasciurus,2
felis catus,2
tarsiidae,2
trioceros ellioti,2
trioceros johnstoni,2
bitis nasicornis,2
carcharhinus,2
dendrobates tinctorius,2
uromastyx geyri,2
tragulus,2
sarkidiornis melanotos,2
crotalus mitchellii,2
crotalus viridis nuntius,2
poicephalus gulielmi,2
oryzoborus,2
cyanerpes,2
tetrax tetrax,2
encephalartos lehmannii,2
rhinosciurus laticaudatus,2
petaurista elegans,2
cephalophus spadix,2
heterometrus longimanus,2
lycodon capucinus,2
phelsuma,2
aquila clanga,2
salvator rufescens,2
lithobates catesbeianus,2
todiramphus pyrrhopygius,2
callosciurus caniceps,2
petaurista,2
ovis gmelini,2
dendrobates,2
lampropeltis zonata,2
tamarinus imperator,2
callocephalon fimbriatum,2
buteo hemilasius,2
poospiza nigrorufa,2
crex crex,2
anas platyrhynchos,2
deroptyus accipitrinus,2
tachypleus gigas,2
uromastyx aegyptia,2
trioceros hoehnelii,2
grus leucogeranus,2
luciopimelodus pati,2
carabidae,2
acanthophis,2
lichanura trivirgata,2
chrysolophus amherstiae,2
pan troglodytes ellioti,2
hoplias,2
lepus timidus,2
chrysomus ruficapillus,2
tubipora,2
jacanidae,2
amandava amandava,2
heterometrus,2
annelida,2
ardeola,2
piciformes,2
coccothraustes coccothraustes,2
anguilla marmorata,2
berenicornis comatus,2
underwoodisaurus milii,2
channa,2
poospiza torquata,2
rhynchotus rufescens,2
catamenia analis,2
lamna nasus,2
arctocephalus,2
phoebastria immutabilis,2
nisaetus alboniger,2
cynoscion acoupa,2
pinna nobilis,2
holothuria (halodeima) mexicana,2
turdus pilaris,2
basiliscus vittatus,2
varanus albigularis,2
psalmopoeus irminia,2
rana temporaria,2
cephalophus rufilatus,2
falco pelegrinoides,2
sceloporus,2
passerina amoena,2
forpus cyanopygius,2
psittaculirostris desmarestii,2
manta birostris,2
ptiloris magnificus,2
falco moluccensis,2
haliaeetus vocifer,2
gorsachius melanolophus,2
sitta,2
muscicapidae,2
trogonidae,2
saltator,2
podocnemis sextuberculata,2
vitellaria paradoxa,2
ramphastos dicolorus,2
charadriidae,2
dipterocarpus turbinatus,2
saltator maximus,2
sicyopterus lagocephalus,2
sylvia atricapilla,2
circus cyaneus,2
crotalus viridis,2
prionailurus planiceps,2
leontopithecus rosalia,2
hemitragus jemlahicus,2
dyscophus antongilii,2
falco femoralis,2
grus americana,2
turdus leucomelas,2
pionus,2
phoenicopterus chilensis,2
otocyon megalotis,2
crocodylus novaeguineae,2
toxostoma curvirostre,2
hylopetes phayrei,2
cyanocorax yncas,2
bassariscus astutus,2
ardea cinerea,2
pituophis deppei,2
anoxypristis cuspidata,2
asturina nitida,2
lonchura maja,2
parus major,2
ploceidae,2
linaria,2
spinus,2
thamnophis,2
psammophis,2
naja mossambica,2
dendroaspis angusticeps,2
thylogale brunii,2
dicaeum cruentatum,2
tanygnathus megalorynchos,2
hylobates albibarbis,2
triakis semifasciata,2
fungiidae,2
lichmera indistincta limbata,2
mirafra javanica,2
pamphobeteus,2
rusa marianna,2
glaucostegus,2
aratinga cactorum,2
sus ahoenobarbus,2
sandoricum koetjape,2
artocarpus odoratissimus,2
palaquium luzoniense,2
talipariti elatum,2
agapornis roseicollis,2
makaira nigricans,2
euphonia violacea,2
scincus scincus,2
cedrela montana,2
polylepis incana,2
cyclura rileyi,2
hydrochoerus,2
trachypithecus francoisi,2
capirona decorticans,2
quassia amara,2
simarouba glauca,2
qualea,2
cyclura,2
naja samarensis,2
gopherus polyphemus,2
amadina fasciata,2
estrilda troglodytes,2
callithrix pygmaea,2
tubiporidae,2
leptolebias,2
brachypelma klaasi,2
aphonopelma albiceps,2
alouatta caraya,2
terrapene carolina major,2
hirudo,2
cyanoramphus auriceps,2
syrmaticus ellioti,2
zanthoxylum martinicense,2
virola albidiflora,2
shorea palosapis,2
echinocactus grusonii,2
ornithoctonus aureotibialis,2
choloepus,2
otocolobus manul,2
mazama rufina,2
troides criton,2
genidens,2
inia geoffrensis,2
engraulidae,2
platycercus adscitus,2
pagophilus groenlandicus,2
paleosuchus trigonatus,2
trogonoptera,2
capricornis rubidus,2
seriatopora,2
neopsephotus bourkii,2
stachyris,2
bubo africanus,2
ficus insipida,2
didelphis aurita,2
caribena versicolor,2
ardeotis kori,2
metopium brownei,2
lysiloma latisiliquum,2
bison bison athabascae,2
milvago chimachima,2
equidae,2
conolophus subcristatus,2
pelinobius muticus,2
xenopus laevis,2
bolborhynchus lineola,2
panaque cochliodon,2
saimiri cassiquiarensis,2
guadua,2
omothymus violaceopes,2
mirounga,2
psephotus,2
streptocitta albicollis,2
sarda sarda,2
tridacna crocea,2
equus zebra zebra,2
oriolus xanthonotus,2
mycteroperca bonaci,2
troides amphrysus,2
nautilus,2
euphonia luteicapilla,2
cynomys ludovicianus,2
pelusios castaneus,2
aonyx capensis,2
hystrix pumila,2
epicrates maurus,2
pseudemys,2
caiman crocodilus fuscus,2
rupicapra pyrenaica ornata,2
euphorbiaceae,2
neocaridina davidi,1
pangio kuhlii,1
molothrus bonariensis,1
pica hudsonia,1
marmota himalayana,1
athene,1
anostomidae,1
callicebus discolor,1
charonia,1
polyodontidae,1
spindalis zena,1
forpus xanthops,1
mustelus,1
mesoclemmys gibba,1
amazona agilis,1
amazona collaria,1
xenesthis,1
upupa epops,1
ictalurus furcatus,1
emberiza schoeniclus,1
turdus viscivorus,1
rhizoprionodon terraenovae,1
aucoumea klaineana,1
tegula funebralis,1
sistrurus miliarius,1
hypsipetes philippinus,1
pygocentrus nattereri,1
crotalus adamanteus,1
cacajao calvus,1
ptilonorhynchidae,1
fitzroya cupressoides,1
acerodon celebensis,1
grus rubicunda,1
luscinia svecica,1
psarocolius decumanus,1
pterygota macrocarpa,1
altingiaceae,1
autranella congolensis,1
rhinoceros sondaicus,1
melanocorypha calandra,1
swintonia floribunda,1
egernia depressa,1
mantis,1
cyanocorax affinis,1
terminalia amazonica,1
leuresthes,1
rupicola peruvianus,1
ptilopsis leucotis,1
suiriri suiriri,1
tylototriton verrucosus,1
equus grevyi,1
varanus acanthurus,1
adansonia digitata,1
dendroaspis,1
spizaetus ornatus,1
alle alle,1
galanthus,1
lachesis muta,1
struthionidae,1
dasypus septemcinctus hybridus,1
ateles fusciceps,1
mantis religiosa,1
chamaepetes unicolor,1
branta sandvicensis,1
tragopan caboti,1
birgus latro,1
aquila adalberti,1
arbutus,1
brotogeris pyrrhoptera,1
eremiascincus richardsonii,1
pterocymbium tinctorium,1
eira barbara,1
epalzeorhynchos frenatus,1
magnolia champaca,1
oxyuranus microlepidotus,1
oxyuranus scutellatus,1
antaresia childreni,1
bothrops jararaca,1
python breitensteini,1
milvus aegyptius,1
betulaceae,1
oriolus steerii,1
prochilodus,1
gallicolumba,1
lycodon,1
bubo lacteus,1
theristicus caudatus,1
apostichopus japonicus,1
pandionidae,1
paphiopedilum gigantifolium,1
atractosteus spatula,1
paphiopedilum rothschildianum,1
sciurus granatensis,1
panthera tigris balica,1
myiomela leucura,1
paradoxurus hermaphroditus philippinensis,1
luscinia cyane,1
manouria,1
pionus chalcopterus,1
nilssonia nigricans,1
mycteroperca tigris,1
morus macroura,1
rubiaceae,1
haliotis roei,1
panulirus interruptus,1
fulica rufifrons,1
liasis olivaceus barroni,1
quercus mongolica,1
butastur indicus,1
columba livia,1
emberiza cirlus,1
gavia stellata,1
stercorarius skua,1
rhinopithecus roxellana,1
agkistrodon,1
sicalis flaveola brasiliensis,1
copiapoa cinerea,1
panthera tigris sondaica,1
ariocarpus agavoides,1
sporophila corvina,1
euphonia hirundinacea,1
molothrus aeneus,1
pterophyllum,1
turnix ocellatus,1
decapterus macarellus,1
icterus spurius,1
leptotila verreauxi,1
thraupis palmarum,1
isoberlinia doka,1
clivia,1
gymnura micrura,1
poicephalus robustus,1
tiliqua nigrolutea,1
grampus griseus,1
glaucus atlanticus,1
acrocephalus orientalis,1
apus pacificus,1
dendrocopos major,1
dendrocopos leucotos,1
francolinus francolinus,1
halichoerus grypus,1
nephelium,1
characidae,1
porphyrio martinica,1
vanellus spinosus,1
lanius excubitor,1
pachypodium namaquanum,1
pyxicephalus adspersus,1
cicinnurus,1
guaruba guarouba,1
lambis truncata,1
pristis microdon,1
hymenolobium excelsum,1
murex,1
otaria flavescens,1
orcaella heinsohni,1
gonimbrasia belina,1
ceratogymna elata,1
tyto longimembris amauronota,1
perodicticus,1
morone saxatilis,1
berlinia brazzavillensis,1
sousa teuszii,1
otus kennicottii,1
gorilla beringei graueri,1
cordylus vandami,1
ceryle rudis,1
ceratogymna atrata,1
spilopelia,1
bignoniaceae,1
ursus arctos middendorffi,1
dendrobium fimbriatum,1
anthracoceros,1
acridotheres,1
pucrasia macrolopha,1
phellodendron amurense,1
houbaropsis bengalensis,1
todiramphus chloris,1
emberiza elegans,1
phapitreron,1
lorius domicella,1
streptopelia chinensis tigrina,1
halcyon cyanoventris,1
vespa mandarinia,1
bubo bubo sibiricus,1
strix,1
nerodia,1
saiga borealis mongolica,1
bycanistes albotibialis,1
tringa totanus,1
sialia mexicana,1
arenaria,1
diospyros rhodocalyx,1
faviidae,1
handroanthus impetiginosum,1
swietenia humilis,1
squatina squatina,1
caracal,1
anacardium giganteum,1
nanger dama,1
balaenoptera physalus,1
uromastyx thomasi,1
nectandra,1
balaenoptera,1
dendrophyllia,1
hieronyma alchorneoides var. alchorneoides,1
pouteria torta,1
rosaceae,1
podocarpaceae,1
batagur dhongoka,1
euxerus erythropus,1
cyclura nubila,1
eulemur collaris,1
quasipaa spinosa,1
phoebe zhennan,1
madrepora,1
chalcopsitta sintillata,1
syngnathoides biaculeatus,1
monstera,1
beaucarnea recurvata,1
odocoileus virginianus mayensis,1
dasylirion acrotrichum,1
orobanchaceae,1
sacalia bealei,1
ardeotis arabs,1
turdus albicollis,1
tangara,1
axis,1
curimata,1
acipenser medirostris,1
juniperus deppeana,1
herpolitha limax,1
hydrosaurus weberi,1
fulica,1
euphorbia decaryi,1
buceros hydrocorax mindanensis,1
anthurium,1
philodendron,1
sardinella,1
shorea guiso,1
cycas debaoensis,1
angiopteris evecta,1
caranx,1
boa constrictor occidentalis,1
felis bieti,1
muntiacus crinifrons,1
guazuma,1
dialium cochinchinense,1
grus vipio,1
ketupa ketupu,1
chrysolophus,1
muntiacus reevesi micrurus,1
syrmaticus reevesii,1
cotingidae,1
ormosia amazonica,1
dipteryx micrantha,1
beilschmiedia latifolia,1
sericulus chrysocephalus,1
nectandra longifolia,1
podocarpus macrophyllus,1
ptyas dhumnades,1
hydropotes inermis,1
dialium guianense,1
catalaphyllia jardinei,1
capreolus,1
leptoptilos,1
schizolobium amazonicum,1
holothuria whitmaei,1
mugil cephalus,1
calocedrus formosana,1
guazuma crinita,1
parachimarrhis breviloba,1
protium puncticulatum,1
sapium marmieri,1
pentaplaris davidsmithii,1
tetragastris altissima,1
eupodotis senegalensis,1
guarea kunthiana,1
euoticus,1
sclerolobium setiferum,1
lyrurus tetrix,1
tachypleus tridentatus,1
aspidosperma parvifolium,1
trattinnickia peruviana,1
callinectes sapidus,1
sanguirana sanguinea,1
hoplobatrachus rugulosus,1
juglans neotropica,1
podocarpus glomeratus,1
diplotropis martiusii,1
heterometrus spinifer,1
cycas siamensis,1
syzygium grande,1
larvivora cyane,1
phylloscopus trochilus,1
trichobatrachus robustus,1
coenobita rugosus,1
aztekium ritteri,1
bulbophyllum echinolabium x longissimum,1
equus africanus,1
poritidae,1
naja sputatrix,1
lontra canadensis,1
astrophytum,1
pitheciidae,1
mammillaria saboae,1
coracias cyanogaster,1
phascolarctos cinereus,1
ducula badia,1
choloepus hoffmanni,1
leptodeira annulata,1
pseudoscops clamator,1
podicipedidae,1
cygnus melancoryphus,1
amazona autumnalis diadema,1
bothrops insularis,1
luscinia calliope,1
accipiter erythronemius,1
turdus serranus,1
rhinoclemmys melanosterna,1
fagaceae,1
nectandra cuspidata,1
burhinidae,1
chanos chanos,1
chironius monticola,1
phoca largha,1
caprimulgidae,1
chelonoidis vicina,1
charadriiformes,1
chelonoidis guntheri,1
otis tarda,1
cyatheales,1
mesua nervosa,1
semecarpus curtisii,1
coraciiformes,1
cyclopsetta chittendeni,1
rebutia,1
didelphidae,1
circaetus cinereus,1
stylommatophora,1
milvago chimango,1
cardinalis phoeniceus,1
lecythis prancei,1
turdus infuscatus,1
artocarpus lanceifolius,1
syzygium nervosum,1
campnosperma brevipetiolatum,1
kinixys homeana,1
paroaria gularis,1
dendrobium leonis,1
dissostichus mawsoni,1
nymphaea,1
dendrobium exile,1
echinocactus horizonthalonius,1
neotragus moschatus,1
bucorvidae,1
pyxis,1
ceriops tagal,1
ciconia boyciana,1
turdus ignobilis,1
ascocentrum,1
pseudobombax munguba,1
gardenia latifolia,1
virola surinamensis,1
piranhea trifoliata,1
ardeola ralloides,1
adenia pechuelii,1
totoaba,1
cyphostemma,1
dasypeltis,1
atheris chlorechis,1
petaurista alborufus,1
elanus leucurus,1
schinopsis lorentzii,1
circus cinereus,1
otus brucei,1
carex,1
cariniana,1
tachuris rubrigastra,1
diuca,1
aceros waldeni,1
rhabdotorrhinus leucocephalus,1
circus buffoni,1
tadorna,1
haematopodidae,1
galago senegalensis,1
kyphosus,1
welwitschia,1
pterocaesio,1
synoum glandulosum,1
actinopyga agassizii,1
trachyandra,1
canarium asperum,1
portunus pelagicus,1
capricornis thar,1
acropora palmata,1
oncorhynchus clarkii,1
cyornis rufigastra,1
anthreptes malacensis,1
eurylaimidae,1
pteruthius,1
cygnus olor,1
cissa chinensis,1
teiidae,1
heritiera fomes,1
goura victoria,1
paracheirodon,1
oncorhynchus nerka,1
sapotaceae,1
cissa thalassina,1
psitteuteles goldiei,1
agropsar philippensis,1
calodactylodes aureus,1
treron vernans,1
enicurus,1
thelenota ananas,1
casuarina equisetifolia,1
sus scrofa cristatus,1
mimidae,1
aratinga weddellii,1
pheucticus chrysopeplus,1
sternotherus minor,1
epidendrum longipetalum,1
sparidae,1
hylidae,1
kinosternon integrum,1
xiphias,1
corytophanes,1
sternotherus odoratus,1
icterus abeillei,1
carcharhinus galapagensis,1
tyto longimembris,1
atilax paludinosus,1
capra sibirica,1
genetta bourloni,1
ptilogonys cinereus,1
lonchura castaneothorax,1
osyris,1
lythraceae,1
boraginaceae,1
icterus galbula,1
macaca maura,1
icterus parisorum,1
stenocereus stellatus,1
momotidae,1
platanus orientalis,1
ptilogonys,1
megascops,1
garrulax monileger,1
uromastyx aegyptia leptieni,1
lagerstroemia loudonii,1
pterocarpus marsupium,1
rhabdotorrhinus exarhatus,1
corallus cropanii,1
bridelia retusa,1
graydidascalus brachyurus,1
nettapus,1
cavia aperea,1
crypturellus parvirostris,1
acridotheres ginginianus,1
brachyplatystoma filamentosum,1
dillenia pentagyna,1
mimosa tenuiflora,1
saba,1
quercus macrocarpa,1
meropidae,1
limosa limosa,1
procnias,1
hirundo rustica,1
corydoras,1
hyphessobrycon,1
tucanoichthys tucano,1
sus philippensis,1
hemigalus derbyanus,1
prioria copaifera,1
salacia,1
myrtaceae,1
arctonyx,1
cordia,1
eucalyptus globulus,1
auriparus flaviceps,1
cabassous chacoensis,1
lecythis pisonis,1
pseudalbizzia inundata,1
primolius maracana,1
alligator sinensis,1
characiformes,1
achatinella,1
leporinus obtusidens,1
prochilodus magdalenae,1
polypterus,1
protopterus,1
chelidae,1
cebus imitator,1
cricetidae,1
dermatemys mawii,1
rhinella marina,1
conophytum bilobum,1
areca catechu,1
prosthechea varicosa,1
isopoda,1
laelia anceps,1
lagostomus maximus,1
chaetophractus villosus,1
chalcophaps,1
regulus,1
epinephelus morio,1
butastur rufipennis,1
rachycentron canadum,1
gallinago,1
coregonus artedi,1
hippocamelus antisensis,1
lutjanus purpureus,1
oryx leucoryx,1
vanellus,1
tolypeutes matacus,1
mazama temama,1
uria,1
budorcas taxicolor taxicolor,1
ovis ammon polii,1
cinclus,1
erinaceus europaeus,1
dolichotis patagonum,1
pistacia,1
upupidae,1
icterus cayanensis,1
cercopithecus lomamiensis,1
mimus longicaudatus,1
sabia,1
trogonophis wiegmanni,1
harpia harpyja,1
phoeniconaias minor,1
falco chicquera,1
apiales,1
pinctada margaritifera,1
istiophorus,1
artocarpus elasticus,1
euthynnus affinis,1
siganus fuscescens,1
nasua nasua solitaria,1
auxis,1
lycalopex vetulus,1
sagittarius serpentarius,1
hieraaetus spilogaster,1
paleosuchus,1
palaquium warburgianum,1
aotus azarae,1
sporophila schistacea,1
ficus sycomorus,1
dasypus,1
turdus poliocephalus,1
ixos virescens,1
uromastyx nigriventris,1
turdus rufopalliatus,1
bridelia insulana,1
penaeus,1
alstonia scholaris,1
myrmecophila,1
alsophila firma,1
dichaea muricatoides,1
gymnophiona,1
trichocentrum,1
catasetum,1
pleurothallis cardiothallis,1
sturnella bellicosa,1
dugong,1
treron phoenicopterus,1
maxillaria cucullata,1
epidendrum ciliare,1
sclerolobium,1
leochilus oncidioides,1
pleurothallis quadrifida,1
protium serratum,1
muricidae,1
rhynchostele rossii,1
prosthechea pygmaea,1
stelis,1
chondrichthyes,1
scaphirhynchus platorynchus,1
canis lupus occidentalis,1
dinema polybulbon,1
vitex,1
plagioscion squamosissimus,1
moschus leucogaster,1
odocoileus virginianus clavium,1
endospermum chinense,1
panopea generosa,1
herpestes ichneumon,1
varanus spenceri,1
cyanocorax sanblasianus,1
nemipterus,1
aratinga strenua,1
sphyraena jello,1
polypodiaceae,1
platalea minor,1
ficus elastica,1
grus antigone,1
asparagaceae,1
zamiaceae,1
alcedo,1
selenidera gouldii,1
dasypus unicinctus,1
ucides cordatus,1
phrynops geoffroanus,1
capricornis swinhoei,1
carassius,1
cypraeidae,1
symphysodon,1
peckoltia,1
baccharis latifolia,1
bassariscus sumichrasti,1
pinus patula,1
biancaea sappan,1
penelope obscura,1
aix sponsa,1
pleione,1
inga edulis,1
aspidosperma,1
caraipa llanorum,1
ficus aurea,1
tabebuia heterophylla,1
anas americana,1
aquilaria yunnanensis,1
sotalia guianensis,1
hemixos flavala,1
lycalopex culpaeus reissii,1
trigonobalanus excelsa,1
gracupica nigricollis,1
rhacodactylus leachianus,1
petaurista magnificus,1
rusa unicolor unicolor,1
callicebus lucifer,1
platanista minor,1
terminalia amazonia,1
amazona barbadensis,1
cabassous,1
dialium bipindense,1
chauna chavaria,1
ramphastos ambiguus swainsonii,1
siliqua patula,1
pteropus giganteus,1
amazona pretrei,1
ursus thibetanus gedrosianus,1
gambelia wislizenii,1
pinus tecunumanii,1
trionyx triunguis,1
chelydra acutirostris,1
cercopithecus kandti,1
galago moholi,1
cercopithecus diana,1
dipterocarpus retusus,1
morus capensis,1
sporophila hypochroma,1
rhinoclemmys annulata,1
eschweilera pedicellata,1
ramphastos tucanus cuvieri,1
cornuella venezuelanensis,1
salvadora oleoides,1
bombax,1
syzygium,1
caryocar,1
cebus yuracus,1
araneidae,1
urogymnus asperrimus,1
nectandra lanceolata,1
ateles belzebuth,1
enhydra lutris,1
dicerorhinus,1
anadenanthera,1
drimia,1
rubroshorea,1
bulbine torta,1
budorcas,1
ramphastos ambiguus,1
gethyllis linearis,1
celtis tala,1
pometia pinnata,1
ornithoptera tithonus,1
ardenna pacifica,1
leiolepis,1
encephalartos aemulans,1
aratinga maculata,1
gymnura altavela,1
senegalia gilliesii,1
vernicia,1
pteroglossus erythropygius,1
varanus albigularis ionidesi,1
geoffroea decorticans,1
aspidosperma quebracho-blanco,1
neofelis diardi,1
conophytum luckhoffii,1
salvator merianae,1
neobalanocarpus,1
diploglossus lessonae,1
podocnemis erythrocephala,1
philesturnus carunculatus rufusater,1
glycyrrhiza glabra,1
hydrophasianus chirurgus,1
rhinobatos horkelii,1
squatina,1
coracias benghalensis,1
mustelus schmitti,1
dioscoreaceae,1
magnoliaceae,1
conophytum minusculum,1
conophytum comptonii,1
gethyllis villosa,1
conophytum obcordellum obcordellum,1
nectandra angustifolia,1
ornithogalum,1
camelidae,1
alces,1
conophytum minusculum leipoldtii,1
neltuma alba,1
conophytum obcordellum rolffii,1
vachellia caven,1
crypturellus,1
trattinnickia,1
axis calamianensis,1
sciurus (hadrosciurus) flammifer,1
sialia,1
poephila acuticauda,1
lagerstroemia tomentosa,1
spizixos semitorques,1
boswellia,1
turdus amaurochalinus,1
desbordesia glaucescens,1
entandrophragma excelsum,1
clelia clelia,1
berlinia bracteosa,1
myleus pacu,1
crax,1
sillago schomburgkii,1
mazama gouazoubira,1
sterculia africana,1
boswellia nana,1
eugerres brasilianus,1
thuja,1
commiphora ornifolia,1
ranellidae,1
brycon,1
nannostomus,1
paracheirodon axelrodi,1
commiphora socotrana,1
arremon flavirostris,1
ornithoptera paradisea,1
micrurus fulvius,1
potamochoerus porcus,1
dorstenia gigas,1
parashorea,1
hydrosaurus amboinensis,1
aviceda leuphotes,1
adenium obesum,1
scolopendra gigantea,1
heterodon,1
eudorcas rufifrons,1
rupicapra,1
mareca strepera,1
crax alector,1
fagraea fragrans,1
penelope,1
callicebus personatus,1
toona sinensis,1
boswellia dioscoridis,1
dolichothele diamantinensis,1
boswellia ameero,1
toona sureni,1
spilocuscus maculatus,1
markhamia stipulata,1
phalanger intercastellanus,1
ornithoptera goliath,1
prognathodes aculeatus,1
uroplatus,1
muntiacus reevesi,1
gazella leptoceros,1
stellognatha maculata,1
pomacanthus,1
pentaclethra macroloba,1
chrysiridia rhipheus,1
jacaranda,1
hypolimnas dexithea,1
argema mittrei,1
lophophora,1
eulemur fulvus,1
hypsipetes borbonicus,1
gracula religiosa batuensis,1
anthipes solitaris,1
leptocoma sperata,1
gilbertiodendron preussii,1
lambis lambis,1
addax nasomaculatus,1
latrodectus,1
anolis,1
meliphagidae,1
naja oxiana,1
vochysia,1
abramis brama,1
dremomys,1
muraenidae,1
zebrasoma gemmatum,1
arothron,1
torreya grandis,1
boswellia socotrana,1
brachystegia eurycoma,1
gramma,1
dendrosicyos socotrana,1
holacanthus clarionensis,1
couratari guianensis,1
neocirrhites armatus,1
centropyge multicolor,1
odocoileus virginianus peruvianus,1
ferula assa-foetida,1
centropyge loricula,1
chromis nitida,1
pomacanthus arcuatus,1
oleaceae,1
dalbergia sissoo,1
larus,1
chaetodontoplus duboulayi,1
uribea tamarindoides,1
choerodon fasciatus,1
zygophyllaceae,1
spilornis holospilus,1
centropyge flavissima,1
turdus migratorius,1
phalaenopsis pulcherrima,1
naria beckii,1
coelogyne asperata,1
antipathes dichotoma,1
dicaeum,1
heleia,1
zosterops chloris maxi,1
microhylidae,1
oligodon,1
dendrobium bigibbum,1
mergus squamatus,1
ribes,1
laguncularia,1
euplexaura,1
protea compacta,1
lates niloticus,1
mauremys,1
cunninghamia konishii,1
luscinia,1
neochmia ruficauda,1
gekko,1
urocitellus undulatus,1
ardeola speciosa,1
bubo coromandus,1
malayopython timoriensis,1
rallina eurizonoides,1
turacoena modesta,1
himantopus himantopus,1
piliocolobus badius,1
phoca,1
spirobolida,1
phelsuma quadriocellata,1
calumma parsonii,1
araucariaceae,1
tuber magnatum,1
ovis ammon hodgsonii,1
hemiplecta,1
pseudoclamoris gigas,1
cyriopagopus minax,1
lampropelma nigerrimum,1
poecilotheria subfusca,1
psalmopoeus pulcher,1
psalmopoeus reduncus,1
pterinopelma sazimai,1
phormictopus,1
panthera pardus delacouri,1
trygonorrhina,1
bletilla striata,1
uroplatus lineatus,1
trachypithecus leucocephalus,1
olea welwitschii,1
intellagama,1
dorcopsis muelleri,1
basilornis corythaix,1
mino dumontii,1
anseranas semipalmata,1
salvelinus malma,1
lampropeltis calligaster,1
coereba flaveola,1
columbina squammata,1
sciaenidae,1
hypostomus,1
caulastraea,1
catalaphyllia,1
gallinula,1
otis,1
strix woodfordii,1
philantomba,1
cynogale bennettii,1
eclectus,1
amphidromus palaceus,1
oena,1
helarctos,1
dyera,1
tristaniopsis decorticata,1
rajidae,1
oncorhynchus keta,1
triaenodon obesus,1
nycticebus hilleri,1
thryonomys,1
aratinga canicularis eburnirostrum,1
spizaetus alboniger,1
cyornis caerulatus,1
pyrrhura,1
phoenicopterus,1
mycteria ibis,1
plectropterus gambensis,1
liquidambar styraciflua,1
pyrrhura griseipectus,1
vanda coerulea,1
calyptorhynchus funereus,1
cypripedium,1
gavia,1
pandion,1
encephalartos ghellinckii,1
encephalartos friderici-guilielmi,1
encephalartos transvenosus,1
encephalartos lanatus,1
encephalartos senticosus,1
asio capensis,1
tyto glaucops,1
pulsatrix perspicillata,1
lanius collurio,1
felis silvestris grampia,1
amazona oratrix oratrix,1
amazona autumnalis salvini,1
symphyllia,1
enhydris bocourti,1
dracaena guianensis,1
psittacus,1
platylophus galericulatus,1
varanus caudolineatus,1
dermaptera,1
dracontomelon dao,1
enhydris enhydris,1
rodriguezia decora,1
trachypithecus phayrei,1
hexanchus griseus,1
aprosmictus jonquillaceus,1
caesio teres,1
caranx sexfasciatus,1
favites,1
theloderma corticale,1
perdix,1
pycnonotus dispar,1
orthotomus,1
pycnonotus bimaculatus,1
garrulax lugubris,1
martes flavigula,1
erythrophleum,1
thryonomyidae,1
falco hypoleucos,1
vicugna,1
neotrygon kuhlii,1
alouatta coibensis,1
falco peregrinus minor,1
loxia curvirostra,1
acanthis flammea,1
nipponia nippon,1
eos rubra,1
ovis ammon ammon,1
felis margarita,1
simira ecuadorensis,1
diplostephium cinereum,1
bufo,1
dendrohyrax,1
polylepis,1
acryllium vulturinum,1
aniba puchury-minor,1
potamotrygon falkneri,1
dendrobium cruentum,1
boulengerella,1
parambassis ranga,1
basilornis celebensis,1
dogania subplana,1
epimachus,1
garritornis isidorei,1
afzelia rhomboidea,1
tetragastris,1
virola calophylla,1
pauxi pauxi,1
tragopan satyra,1
lophura swinhoii,1
catreus wallichii,1
syrmaticus mikado,1
handroanthus billbergii,1
uncaria tomentosa,1
caracara,1
malaxis,1
otus bakkamoena,1
parnassius apollo,1
vipera,1
opuntia microdasys,1
opuntia ficus-indica,1
cassis tuberosa,1
troides magellanus,1
cercopithecus mona,1
salarias fasciatus,1
pyrrhura perlata,1
psittacula derbiana,1
gonystylus sympetala,1
platynematichthys notatus,1
hypophthalmus edentatus,1
brachyplatystoma vaillantii,1
macropharyngodon ornatus,1
ctenosaura,1
gymnocypris przewalskii,1
gadidae,1
seriola,1
acipenser ruthenus,1
paralithodes camtschaticus,1
orcaella brevirostris,1
cactus,1
pristis,1
babyrousa babyrussa,1
echinogorgia,1
pterocaesio chrysozona,1
acanthoscurria chacoana,1
ducula myristicivora,1
dorcopsis hageni,1
ornithoptera aesacus,1
redunca fulvorufula,1
geokichla,1
cinnyris,1
pitta moluccensis,1
liliopsida,1
nautilus stenomphalus,1
varanus reisingeri,1
prosopocoilus,1
trichilia quadrijuga,1
osteophloeum platyspermum,1
salix humboldtiana,1
liolaemus leopardinus,1
paphiopedilum parishii,1
galanthus nivalis,1
escobaria robbinsorum,1
glyptemys muhlenbergii,1
hyla,1
cerastes cerastes,1
margaritifera margaritifera,1
lithraea molle,1
spilopelia senegalensis,1
lagenorhynchus obscurus,1
crocodylus mindorensis,1
delphinus delphis,1
mytilidae,1
lissemys punctata punctata,1
neophema,1
vidua macroura,1
lonchura cantans,1
zaglossus,1
trichoglossus haematodus haematodus,1
mandingoa nitidula,1
opuntia phaeacantha,1
mammillaria grahamii,1
opuntia imbricata,1
pteroglossus viridis,1
unionidae,1
ortygospiza atricollis,1
uromastyx acanthinura,1
uraeginthus bengalus,1
caiman crocodilus apaporiensis,1
sarracenia purpurea,1
apocynaceae,1
pachycereus,1
pterinochilus murinus,1
hapalopus formosus,1
furcifer,1
sardinella brasiliensis,1
trichiurus lepturus,1
balistidae,1
pseudobatos horkelii,1
atlantoraja castelnaui,1
rioraja agassizii,1
ornithoptera croesus,1
ornithoptera victoriae,1
rhacodactylus ciliatus,1
polytelis alexandrae,1
cordylus,1
troides rhadamantus,1
papilio benguetanus,1
opuntia subulata,1
kobus leche smithemani,1
lampropelma carpenteri,1
scobinancistrus,1
trogonoptera trojana,1
batagur,1
ratufa affinis,1
channa striata,1
pamphobeteus antinous,1
lyrognathus giannisposatoi,1
phormictopus auratus,1
encyocratella olivacea,1
ephebopus cyanognathus,1
pamphobeteus ultramarinus,1
theraphosa apophysis,1
poecilotheria ornata,1
orphnaecus kwebaburdeos,1
pemphis acidula,1
lagonosticta rubricata,1
varanus olivaceus,1
ricordea,1
gromphadorhina portentosa,1
prionodon linsang,1
presbytis femoralis,1
antilope,1
cyanoptila cyanomelana,1
amphilophus,1
alopiidae,1
gopherus berlandieri,1
mammillaria candida,1
astrophytum myriostigma,1
sciurus colliaei,1
atropoides olmec,1
ortalis poliocephala,1
dicerorhinus sumatrensis sumatrensis,1
acrochordus,1
scolopendra subspinipes,1
homopus areolatus,1
otus lempiji,1
halcyon pileata,1
rubrisciurus rubriventer,1
anthracoceros malayanus,1
passerina leclancherii,1
psarocolius montezuma,1
chlorophonia occipitalis,1
hesperiphona abeillei abeillei,1
cyanoramphus,1
fringilla teydea,1
pipridae,1
amandava formosa,1
elaphe,1
mydaus marchei,1
trimeresurus insularis,1
chamaeleo dilepis,1
sundasciurus (aletesciurus) juvencus,1
ambystoma,1
dendroaspis polylepis,1
rhamphiophis oxyrhynchus,1
monodontidae,1
phoebastria albatrus,1
ganoderma lucidum,1
crocodylus johnstoni,1
lithobates montezumae,1
uromastyx dispar,1
thamnophis eques,1
thamnophis scalaris,1
cambarellus,1
dicruridae,1
poicephalus meyeri,1
pecari,1
oreochromis,1
atelerix,1
crithagra,1
prioniturus platurus,1
cynarina lacrymalis,1
acanthophyllia deshayesiana,1
zosterops flavus,1
laniidae,1
turdus pallidus,1
pseudoleistes guirahuro,1
tetraponera rufonigra,1
phyllomedusa tomopterna,1
ceratophrys cornuta,1
kinyongia fischeri,1
phelsuma grandis,1
thamnophis sirtalis,1
ranitomeya ventrimaculata,1
herpestes brachyurus,1
arctictis binturong whitei,1
eclectus roratus polychloros,1
pachycephala pectoralis,1
leiocephalus carinatus varius,1
polypodiopsida,1
emberizidae,1
tarsius,1
monachus monachus,1
cracticus cassicus,1
cracticus mentalis,1
coturnix coturnix,1
parotia carolae,1
cacatua sulphurea sulphurea,1
lamprotornis regius,1
uroplatus phantasticus,1
actitis hypoleucos,1
aythya fuligula,1
leiocephalidae,1
anolis conspersus,1
myrmecophila thomsoniana,1
varanus timorensis,1
chelodina colliei,1
crotalus willardi,1
oxyrhopus fitzingeri,1
bothrops pictus,1
bothrops barnetti,1
odonata,1
acrididae,1
colophon,1
leiocephalus pratensis,1
cacatua tenuirostris,1
cyrtodactylus deccanensis,1
trimeresurus,1
dipodidae,1
branta ruficollis,1
carduelis magellanica,1
kinyongia xenorhina,1
equus hemionus,1
bitis worthingtoni,1
drymarchon couperi,1
trichoglossus rubritorquis,1
liasis mackloti,1
liasis olivaceus,1
primolius couloni,1
chelodina mccordi,1
icterus dominicensis portoricensis,1
podarcis lilfordi,1
zamenis scalaris,1
oxyura ferruginea,1
merganetta armata,1
anas superciliosa,1
psammomys obesus,1
ahaetulla nasuta,1
spalerosophis atriceps,1
spizaetus nanus,1
demansia,1
pseudechis australis,1
anorrhinus galeritus,1
sousa chinensis,1
sturnus vulgaris,1
sporophila ruficollis,1
turdus fuscater,1
mionectes rufiventris,1
dolichonyx oryzivorus,1
phrygilus fruticeti,1
saltatricula multicolor,1
paroaria capitata,1
chelonoidis chilensis,1
leporinus,1
probarbus jullieni,1
corallus cookii,1
trioceros melleri,1
calidris minuta,1
cercopithecus erythrogaster,1
encephalartos altensteinii,1
trimeresurus purpureomaculatus,1
miopithecus talapoin,1
sturnornis albofrontatus,1
lophaetus occipitalis,1
tringa glareola,1
boiga ochracea,1
tringa ochropus,1
motacilla flava,1
calidris alpina,1
calidris temminckii,1
turdus torquatus,1
guarouba guarouba,1
dalbergia tucurensis,1
columbina,1
polylepis rugulosa,1
indicatoridae,1
oroaetus isidori,1
myliobatiformes,1
syrigma sibilatrix,1
podager nacunda,1
jacana jacana,1
anas versicolor,1
leptoria,1
clupeidae,1
littorinidae,1
varanus samarensis,1
varanus spinulosus,1
dudleya farinosa,1
brassia,1
phloeomys cumingi,1
calotes,1
sceloporus olivaceus,1
halcyon leucocephala,1
orphnaecus philippinus,1
cypripedium calceolus,1
procavia,1
lepus capensis,1
oreotragus oreotragus,1
lepus microtis,1
aonyx,1
prioniturus platenae,1
chelonia,1
spinus xanthogastrus,1
spinus barbatus,1
surnia ulula,1
phocoenidae,1
varecia variegata,1
hapalopus,1
monocentropus balfouri,1
poecilotheria tigrinawesseli,1
poecilotheria miranda,1
poecilotheria formosa,1
ceratogyrus meridionalis,1
augacephalus breyeri,1
ptilinopus merrilli,1
varanus flavescens,1
lonchura leucogastra,1
ducula poliocephala,1
lacertidae,1
dactylopsila trivirgata,1
cacatua goffiniana,1
myrmecodia,1
tropidophorus grayi,1
dendrelaphis,1
stenocercus imitator,1
stenocercus chlorostictus,1
caranx ignobilis,1
spilotes pullatus,1
propithecus diadema,1
indri indri,1
lasiodora striatipes,1
phormictopus cancerides,1
acrantophis dumerili,1
pituophis lineaticollis,1
ploceus,1
microlophus,1
agkistrodon bilineatus,1
motacilla,1
anthus pratensis,1
emberiza citrinella,1
emberiza calandra,1
porzana porzana,1
spheniscus humboldti,1
shorea acuminata,1
aspidoscelis,1
stenorrhina freminvillei,1
manolepis putnami,1
trimorphodon biscutatus,1
coniophanes fissidens,1
coluber mentovarius,1
aphonopelma,1
paradisaea rubra,1
pteromyscus pulverulentus,1
bolbopsittacus lunulatus,1
columba guinea,1
lepus europaeus,1
catharus ustulatus,1
raphia,1
coccothrinax,1
lullula,1
metopidius indicus,1
anguillidae,1
pyrrhura frontalis,1
cathartes burrovianus,1
galbulidae,1
momotus,1
euphonia,1
molothrus,1
acetes americanus,1
leporinus macrocephalus,1
cichla,1
tripneustes ventricosus,1
ursus arctos syriacus,1
cordylus aridus,1
cordylus peersi,1
octopus maya,1
damaliscus pygargus phillipsi,1
poospiza ornata,1
podilymbus gigas,1
encephalartos longifolius,1
homalopsidae,1
ptyas,1
anas erythrorhyncha,1
ophryacus undulatus,1
pycnonotus plumosus,1
macronus bornensis,1
rollulus rouloul,1
picus,1
agelaius phoeniceus,1
equus quagga burchellii,1
crotalus cerberus,1
crotalus pyrrhus,1
crotalus tigris,1
graptemys geographica,1
morelia spilota harrisoni,1
varicospira crispata,1
sebastes,1
callicebus oenanthe,1
gallirallus striatus,1
leontocebus,1
dinomyrmex gigas,1
lamprima adolphinae,1
tursiops,1
centropomus,1
trimeresurus vogeli,1
fratercula,1
idolomantis diabolica,1
otodus megalodon,1
cereus,1
labridae,1
chaetodontidae,1
pithecia monachus,1
semnopithecus entellus,1
rafetus swinhoei,1
ancistrocactus megarhizus,1
copiapoa coquimbana,1
turbinicarpus pseudopectinatus,1
mammillaria pectinifera,1
pelecyphora aselliformis,1
hirudinoidea,1
neopsittacus pullicauda,1
leiurus quinquestriatus,1
sternotherus carinatus,1
leucocephalon yuwonoi,1
pyxis planicauda,1
chelodina novaeguineae,1
notochelys platynota,1
albizia odoratissima,1
trimeresurus puniceus,1
aspidelaps lubricus,1
prumnopitys harmsiana,1
cedrelinga,1
morchella esculenta,1
falco mexicanus,1
cathartes aura,1
gazella spekei,1
caesalpinia gaumeri,1
psidium sartorianum,1
dalbergia palo-escrito,1
atheris hispida,1
acinonyx jubatus venaticus,1
dorcus curvidens,1
dorcus miwai,1
dorcus titanus palawanicus,1
homoderus mellyi,1
megasoma elephas,1
delphinium denudatum,1
pericopsis mooniana,1
tabebuia,1
sterculia apetala,1
pachira quinata,1
oedipomidas geoffroyi,1
vitex cymosa,1
hopea helferi,1
hopea recopei,1
alnus,1
ocimum tenuiflorum,1
saraca dives,1
capparis decidua,1
vateria indica,1
acanthophis antarcticus,1
poicephalus cryptoxanthus,1
naja nigricincta,1
dipterocarpus zeylanicus,1
quercus humboldtii,1
saltator coerulescens,1
rhabdophis,1
leontopithecus chrysomelas,1
cercopithecus erythrotis,1
torymidae,1
calandrella brachydactyla,1
rhabdophis tigrinus,1
spatula,1
tiliqua multifasciata,1
columba vitiensis,1
emberiza pusilla,1
mycteria leucocephala,1
ulmus,1
sylvicapra,1
glaucostegus halavi,1
aquilaria crassna,1
mico argentatus,1
indotestudo travancorica,1
apalone spinifera aspera,1
deirochelys reticularia,1
papio papio,1
pontoporia blainvillei,1
cygnus buccinator,1
megalaima,1
chrysophlegma mentale,1
fringilla,1
saxicola rubicola,1
sylvia melanocephala,1
phoenicurus ochruros,1
erithacus rubecula,1
cyanopica cyanus,1
aquila nipalensis,1
emberiza spodocephala,1
treron formosae,1
eos cyanogenia,1
genipa americana,1
ketupa zeylonensis,1
phrynosoma orbiculare,1
ambystoma velasci,1
epicrates,1
phaethornis augusti,1
eudocimus ruber,1
paradisaea,1
cervus elaphus barbarus,1
acridotheres melanopterus,1
cabassous centralis,1
tapirus bairdii,1
stichopodidae,1
rentapia hosii,1
eugenia uniflora,1
cecropia,1
conophis,1
natrix maura,1
oryzoborus funereus,1
salacia reticulata,1
aerodramus unicolor,1
scyllaridae,1
seriphus politus,1
hemipristis elongata,1
gracilaria salicornia,1
holothuria scabra,1
rhina ancylostoma,1
cyprinus carpio,1
bufo gargarizans,1
arborophila gingica,1
delphinus,1
ara macao cyanopterus,1
anthreptes,1
gongylophis conicus,1
odontophorus hyperythrus,1
ovis aries cycloceros,1
terminalia buceras,1
pinus leiophylla,1
pinus pseudostrobus,1
pterocnemia,1
microsorum,1
anubias,1
haematoxylum campechianum,1
plumeria rubra,1
haliotis sorenseni,1
spondias pinnata,1
bombax insigne,1
ara ararauna x chloropterus,1
damaliscus,1
austrocochlea rudis,1
dalbergia hupeana,1
guazuma ulmifolia,1
sapium lateriflorum,1
quercus agrifolia,1
balaenoptera borealis,1
phalacrognathus muelleri,1
platanista,1
psilopogon haemacephala,1
herpailurus yagouaroundi cacomitli,1
raphicerus sharpei,1
grus japonensis,1
nardostachys grandiflora,1
porphyrio poliocephalus,1
cabassous tatouay,1
trichechidae,1
polyplacophora,1
echinodermata,1
parus,1
sciurus,1
litopenaeus stylirostris,1
dicraeopetalum capuronianum,1
bradypus tridactylus,1
crotophaga ani,1
varanus ornatus,1
aotus miconax,1
pionites melanocephalus,1
myrmecophagidae,1
campylorhynchus turdinus,1
molothrus oryzivorus,1
carcharhinus amblyrhynchos,1
cairina moschata,1
androctonus australis,1
morpho helena,1
attacus atlas,1
diaethria,1
leporicypraea valentia,1
phapitreron amethystinus,1
tanygnathus sumatranus,1
prosthechea,1
encyclia adenocaula,1
chysis bractescens,1
selasphorus sasin,1
amazilia violiceps,1
archilochus alexandri,1
archilochus colubris,1
buteo regalis,1
meleagris ocellata,1
antaresia maculosa,1
paraechinus micropus,1
epicharis cumingiana,1
lampyridae,1
alectroenas,1
mesoclemmys vanderhaegei,1
chelodina rugosa,1
ceratotherium cottoni,1
trichechus,1
accipiter cooperii,1
vulpes macrotis,1
rhynchopsitta pachyrhyncha,1
cordylus polyzonus,1
chondrodactylus bibronii,1
peltophorum dasyrrhachis var. dasyrrhachis,1
peltophorum pterocarpum,1
lophotriorchis kienerii,1
scleropages,1
stigmatopora macropterygia,1
brachypelma epicureanum,1
penelope purpurascens,1
otospermophilus variegatus,1
microhierax melanoleucos,1
vulpes lagopus,1
dasyprocta mexicana,1
vatica odorata,1
dacrycarpus imbricatus,1
dysoxylum,1
amesiodendron chinense,1
parinari anamensis,1
dipterocarpus humeratus,1
laotriton laoensis,1
fouquieria,1
mantella,1
aconitum,1
berberis aristata,1
vulpes vulpes pusilla,1
lonchura bicolor,1
loris lydekkerianus,1
acacia leptocarpa,1
uapaca,1
carcharhinus acronotus,1
rhizoprionodon porosus,1
carcharhinus porosus,1
gallinago gallinago,1
haliotis kamtschatkana,1
chloropsis hardwickii,1
kobus leche kafuensis,1
nephrurus levis,1
loxocemus bicolor,1
conophytum friedrichiae,1
crocodylus palustris,1
bruguiera parviflora,1
castilla,1
vachellia farnesiana,1
cocos,1
phoebe hainesiana,1
dalbergia cearensis,1
astronium gracile,1
sindora tonkinensis,1
eretmochelys imbricata bissa,1
glyptostrobus pensilis,1
tangara cyanicollis,1
mimus,1
ortalis ruficauda,1
trachurus murphyi,1
eleginops maclovinus,1
salmo salar,1
pistacia chinensis integerrima,1
bradypus,1
mustela erminea,1
castilla elastica,1
tegillarca granosa,1
equus kiang,1
przewalskium albirostre,1
zenaida auriculata,1
arremonops conirostris,1
vulpes pallida,1
nepenthes clipeata,1
acropora formosa,1
proteles cristata,1
gyps bengalensis,1
gyps tenuirostris,1
tylecodon,1
urogymnus polylepis,1
geokichla interpres,1
nisaetus cirrhatus limnaeetus,1
hippocampus algiricus,1
tropidolaemus subannulatus,1
cyrtodactylus,1
orphnaecus,1
scolopendra,1
trigoniulus,1
pelargonium,1
lithops,1
tragelaphus spekii selousi,1
muntiacus feae,1
sphiggurus spinosus,1
atherurus africanus,1
calliophis bivirgata,1
gerrhosaurus,1
epipedobates anthonyi,1
tangara vassorii,1
tangara phillipsi,1
tangara nigroviridis,1
anisognathus somptuosus,1
chlorornis riefferii,1
eubucco bourcierii,1
ursus arctos isabellinus,1
puma concolor couguar,1
tachypleus,1
ichthyophaga ichthyaetus,1
ceratogyrus darlingi,1
varanus gilleni,1
dicaeum trigonostigma,1
megalaimidae,1
pycnonotus xanthorrhous,1
lutra sumatrana,1
athene brama,1
psilopogon lineatus,1
varanus tristis,1
aloe maculata,1
diplodactylus hillii,1
strophurus intermedius,1
diplodactylus pulcher,1
lucasium stenodactylum,1
gehyra punctata,1
gehyra variegata,1
dicaeidae,1
podiceps,1
viverra megaspila,1
sundasciurus hippurus,1
pycnonotus blanfordi,1
kogia sima,1
lygodactylus luteopicturatus,1
uropygi,1
leptopelis vermiculatus,1
rieppeleon brevicaudatus,1
lygodactylus williamsi,1
millettia stuhlmannii,1
pachycereus schottii,1
pterapogon kauderni,1
bradypodion,1
cremastra appendiculata,1
dendrobium nobile,1
phalanger,1
rhizoprionodon longurio,1
cyanocorax cyanopogon,1
pituophis,1
prinia polychroa,1
ardeotis nigriceps,1
didelotia,1
poicephalus robustus fuscicollis,1
excidobates,1
ranitomeya,1
acipenser baerii,1
cygnus,1
chinchilla chinchilla,1
lampropeltis polyzona,1
forpus xanthopterygius,1
pteronura brasiliensis,1
glis glis,1
picea orientalis,1
liparis lacerata,1
paphiopedilum primulinum,1
paphiopedilum exul,1
chysis laevis,1
cymbidium chloranthum,1
hygrochilus parishii,1
epidendrum,1
trias picta,1
cleisostoma linearilobatum,1
rhynchostylis gigantea,1
paphiopedilum charlesworthii,1
cycas thouarsii,1
nepenthaceae,1
schoenorchis fragans,1
chiloschista viridiflava,1
ascocentrum miniatum,1
echinopsis pachanoi,1
fagus orientalis,1
tragopan,1
toona ciliata,1
manta alfredi,1
threskiornis spinicollis,1
geoemyda japonica,1
dipodomys spectabilis,1
diospyros pilosanthera,1
lophura ignita,1
bulbophyllum pan,1
castor,1
gastrodia,1
strix uralensis,1
chlorocebus,1
carcharhinus plumbeus,1
pristis pectinata,1
corynanthe johimbe,1
copsychus stricklandii,1
colobus polykomos,1
octodontidae,1
gliridae,1
sciurus niger,1
turbo marmoratus,1
priotelus temnurus,1
arremonops tocuyensis,1
cucumaria frondosa,1
fungia fungites,1
cygnus columbianus,1
tyto capensis,1
vulpes corsac,1
chamaeleo senegalensis,1
cereus hildmannianus,1
geopelia cuneata,1
pyrrhura picta,1
branta canadensis,1
heteronotia binoei,1
nephrurus asper,1
ctenophorus nuchalis,1
vachellia nilotica,1
gari solida,1
merlucciidae,1
octopus mimus,1
diospyros kaki,1
vanellus indicus,1
wettinia kalbreyeri,1
phyllanthus acidus,1
pionus maximiliani,1
conocarpus erectus,1
coccoloba uvifera,1
inga marginata,1
inga nobilis,1
parkia velutina,1
pouteria caimito,1
rhodophyta,1
mesocentrotus franciscanus,1
maja squinado,1
megalaima haemacephala,1
adinandra dumosa,1
hystrix javanica,1
strombocactus disciformis,1
obregonia,1
turbinicarpus,1
erythroxylum vaccinifolium,1
piranhea mexicana,1
presbytis,1
bowdichia nitida,1
parkia,1
morelia spilota variegata,1
piliocolobus,1
neolamarckia macrophylla,1
prunus,1
myrrophis chinensis,1
tympanocryptis lineata,1
lissemys,1
conophytum wettsteinii,1
elaphe carinata,1
epinephelus itajara,1
hymenolobium petraeum,1
tetramerista,1
strombidae,1
isurus paucus,1
ctenosaura bakeri,1
micrathene whitneyi,1
mytilus,1
vipera aspis,1
oophaga vicentei,1
numenius,1
ornithoptera meridionalis,1
couratari steallata,1
abies alba,1
cananga,1
campnosperma auriculatum,1
shorea leprosula,1
lagenodelphis hosei,1
gadiformes,1
majidae,1
pinguipes chilensis,1
chelodina steindachneri,1
malvaceae,1
crotalus durissus terrificus,1
rubroshorea balangeran,1
macropygia,1
microhierax erythrogenys,1
accipiter virgatus,1
scarabaeus,1
swintonia,1
tanygnathus,1
scissirostrum dubium,1
torreya,1
sindora glabra,1
synanceia,1
accipiter gularis,1
ducula badia griseicapilla,1
bubalus mindorensis,1
aquilaria agallocha,1
thunnus obesus,1
copaifera,1
dudleya,1
rangifer,1
scorpaenopsis diabolus,1
chiloscyllium griseum,1
hylopetes sagitta,1
podocnemididae,1
heteropanax fragrans,1
vernicia fordii,1
bikinia le-testui,1
baikiaea plurijuga,1
brachystegia spiciformis,1
caesio,1
dalbergia tonkinensis,1
gorgonacea,1
isididae,1
cypraecassis rufa,1
entandrophragma,1
pantherophis,1
decapterus punctatus,1
centruroides,1
recurvirostra avosetta,1
mergus merganser,1
anas formosa,1
elaphe taeniura,1
carcharhinus brevipinna,1
cetorhinus maximus,1
crithagra flaviventris,1
anisoptera scaphula,1
senecio,1
homalium,1
agave victoriae-reginae,1
stenocactus,1
parodia,1
oreocereus,1
litsea garciae,1
kalappia celebica,1
dynastes hercules,1
potamotrygon motoro,1
gazella gazella,1
pionites,1
pachyuromys duprasi,1
aniba rosaeodora,1
acer macrophyllum,1
papilio liomedon,1
chloropsis cochinchinensis moluccensis,1
alophoixus bres tephrogenys,1
semaprochilodus insignis,1
trimeresurus mangshanensis,1
chelodina longicollis,1
pan troglodytes verus,1
pseudemys alabamensis,1
sphaeropteris medullaris,1
molothrus ater,1
chen caerulescens,1
pionites leucogaster,1
cucujus,1
balaeniceps rex,1
fritillaria pallidiflora,1
